trajectory_ID,longitude,latitude,altitude,timestamp
20160401_AEA2057_LEBL_LEMD,2.068744,41.280735,600.0,1459506141
20160401_EVE316P_LEBL_LEMD,2.0725765491751,41.2793082107867,1080.0,1459512504
20160401_IBE08GV_LEBL_LEMD,2.0770720000000003,41.283607,300.0,1459491291
20160401_IBE08HN_LEBL_LEMD,2.0659783806864898,41.2794526097245,680.0,1459494277
20160401_IBE1131_LEBL_LEMD,2.07266171632739,41.281617540414096,100.0,1459504984
20160401_IBE13YN_LEBL_LEMD,2.06354616697763,41.27632140995421,940.0,1459510965
20160401_IBE1501_LEBL_LEMD,2.072973,41.281971,800.0,1459516986
20160401_IBE16LH_LEBL_LEMD,2.07741518861803,41.283253009472,440.0,1459520162
20160401_IBE17CC_LEBL_LEMD,2.07026898107301,41.2807200235275,450.0,1459528068
20160401_IBE18VM_LEBL_LEMD,2.07550816083938,41.2822976326996,720.0,1459529429
20160401_IBE1925_LEBL_LEMD,2.07293076664382,41.2808586237561,860.0,1459532755
20160401_IBE2101_LEBL_LEMD,2.06715215542044,41.2793831692991,750.0,1459537691
20160401_IBE2727_LEBL_LEMD,2.0676209634800697,41.2795715374756,700.0,1459500053
20160401_VLG10CE_LEBL_LEMD,2.06537161514552,41.2772460200898,933.333333333334,1459490459
20160401_VLG10HJ_LEBL_LEMD,2.0649490000000004,41.27808,900.0,1459494636
20160401_VLG10KL_LEBL_LEMD,2.0665353795564,41.279502214005795,640.0,1459497197
20160401_VLG10MN_LEBL_LEMD,2.06786037921859,41.280053621264294,780.0,1459515173
20160401_VLG10PA_LEBL_LEMD,2.06321495917246,41.2756342120121,960.0,1459524639
20160401_VLG10TY_LEBL_LEMD,2.06313529386921,41.2728910080849,1333.33333333333,1459539919
20160401_VLG10VW_LEBL_LEMD,2.0565279515645902,41.2719036175146,1260.0,1459535020
20160402_AEA2057_LEBL_LEMD,2.06580178484421,41.2779698032328,860.0,1459592822
20160402_AEA2159_LEBL_LEMD,2.0662661646706497,41.2802064330296,780.0,1459622479
20160402_IBE08GV_LEBL_LEMD,2.06365895562499,41.278213640725,960.0,1459578245
20160402_IBE10ZK_LEBL_LEMD,2.06880498671774,41.2798052062096,840.0,1459585437
20160402_IBE1131_LEBL_LEMD,2.07179458915357,41.272007000823,920.0,1459590373
20160402_IBE13YN_LEBL_LEMD,2.06415615854212,41.277110623788296,940.0,1459596965
20160402_IBE18VM_LEBL_LEMD,2.073944,41.28171500000001,600.0,1459615166
20160402_IBE2101_LEBL_LEMD,2.06741797478594,41.279211616146604,780.0,1459624523
20160402_IBK8841_LEBL_LEMD,2.0697084601486,41.2793635159772,750.0,1459583368
20160402_VLG10AH_LEBL_LEMD,2.06796294642072,41.2782080183106,1033.33333333333,1459614234
20160402_VLG10FG_LEBL_LEMD,2.0837744686828,41.286110032947605,100.0,1459577938
20160402_VLG10HJ_LEBL_LEMD,2.06358455281941,41.276856621252996,880.0,1459583064
20160402_VLG10PA_LEBL_LEMD,2.075877,41.28336,400.0,1459608141
20160403_AEA2057_LEBL_LEMD,2.062403,41.27742,900.0,1459679916
20160403_AEA2159_LEBL_LEMD,2.06640938078135,41.2798366055169,980.0,1459708917
20160403_IBE08HN_LEBL_LEMD,2.0628153512180902,41.277610055998295,740.0,1459666550
20160403_IBE10ZK_LEBL_LEMD,2.073989,41.281765,400.0,1459671146
20160403_IBE1131_LEBL_LEMD,2.06624938083087,41.278241803674,820.0,1459676793
20160403_IBE13YN_LEBL_LEMD,2.06634645610677,41.2789420179449,900.0,1459682733
20160403_IBE16LH_LEBL_LEMD,2.07326777149331,41.281715240175096,540.0,1459692930
20160403_IBE18VM_LEBL_LEMD,2.071112,41.281193,600.0,1459702581
20160403_IBE20DC_LEBL_LEMD,2.06654918624554,41.2788732024311,960.0,1459707452
20160403_VLG10AH_LEBL_LEMD,2.064861,41.274494,1200.0,1459703875
20160403_VLG10MN_LEBL_LEMD,2.067325,41.280006,600.0,1459668241
20160403_VLG10MQ_LEBL_LEMD,2.0725003191402,41.2811731790527,533.333333333333,1459697141
20160403_VLG10PA_LEBL_LEMD,2.06776837975019,41.279438005265796,820.0,1459694237
20160403_VLG10XY_LEBL_LEMD,2.0714339718362003,41.2811142222634,720.0,1459709133
20160404_AEA2057_LEBL_LEMD,2.06709575336458,41.279365045817705,460.0,1459765279
20160404_AEA2159_LEBL_LEMD,2.06148563265936,41.2766860151434,1100.0,1459795199
20160404_IBE06GZ_LEBL_LEMD,2.06639496579658,41.2796146957235,566.666666666667,1459746402
20160404_IBE0721_LEBL_LEMD,2.06348356305421,41.2777136159674,780.0,1459748893
20160404_IBE08GV_LEBL_LEMD,2.06871321581229,41.2801220399786,650.0,1459750704
20160404_IBE08HN_LEBL_LEMD,2.06057074593707,41.2747430227924,1140.0,1459753315
20160404_IBE09RL_LEBL_LEMD,2.071156,41.281227,500.0,1459757536
20160404_IBE1045_LEBL_LEMD,2.06487817716629,41.27800720830661,740.0,1459761167
20160404_IBE1131_LEBL_LEMD,2.06405797179752,41.27764640476421,760.0,1459763643
20160404_IBE13YN_LEBL_LEMD,2.06360636372085,41.276825613183796,860.0,1459769010
20160404_IBE1501_LEBL_LEMD,2.074678,41.282463,300.0,1459776206
20160404_IBE17CC_LEBL_LEMD,2.0674936319042,41.2798426921973,666.666666666667,1459784612
20160404_IBE1925_LEBL_LEMD,2.07104556753848,41.2811526258507,300.0,1459792393
20160404_IBE2727_LEBL_LEMD,2.072258,41.280674,400.0,1459759431
20160404_VLG1027_LEBL_LEMD,2.0602763758578204,41.2719910035151,1260.0,1459796624
20160404_VLG10AC_LEBL_LEMD,2.082366,41.285404,0.0,1459747200
20160404_VLG10FH_LEBL_LEMD,2.06946458126492,41.2800252117621,720.0,1459783697
20160404_VLG10KL_LEBL_LEMD,2.0638197571478303,41.276259212690796,920.0,1459760544
20160404_VLG10MN_LEBL_LEMD,2.06581674333324,41.27836543985921,660.0,1459773715
20160405_AEA2057_LEBL_LEMD,2.1061513816968,41.293047427051,780.0,1459852084
20160405_AEA2159_LEBL_LEMD,2.11435496507011,41.295997380977504,700.0,1459881924
20160405_IBE06GZ_LEBL_LEMD,2.11182124274137,41.2948180121694,700.0,1459832702
20160405_IBE0721_LEBL_LEMD,2.1139553775988102,41.2951352293745,940.0,1459835938
20160405_IBE08GV_LEBL_LEMD,2.11423637384689,41.29612723338,880.0,1459837284
20160405_IBE08HN_LEBL_LEMD,2.1079119615568502,41.293448048611495,633.3333333333339,1459839384
20160405_IBE09RL_LEBL_LEMD,2.105803,41.29314,700.0,1459842241
20160405_IBE1045_LEBL_LEMD,2.10670399058711,41.293573341462796,833.333333333334,1459848096
20160405_IBE1131_LEBL_LEMD,2.10107778970644,41.29138120970421,680.0,1459849767
20160405_IBE13YN_LEBL_LEMD,2.10471957733296,41.29256562153721,680.0,1459855213
20160405_IBE1501_LEBL_LEMD,2.11648642301668,41.294161638473604,1280.0,1459861994
20160405_IBE16LH_LEBL_LEMD,2.10725757441116,41.293209639713396,940.0,1459865440
20160405_IBE17CC_LEBL_LEMD,2.10903981955232,41.29404167834871,733.333333333334,1459871341
20160405_IBE1925_LEBL_LEMD,2.1096401794020503,41.2945348215265,880.0,1459878263
20160405_IBE20DC_LEBL_LEMD,2.10921537715058,41.2937852301323,1120.0,1459879584
20160405_IBE2101_LEBL_LEMD,2.11523038227972,41.295356257531,960.0,1459883920
20160405_IBE2727_LEBL_LEMD,2.11422559427524,41.295225811854294,840.0,1459844177
20160405_VLG10AC_LEBL_LEMD,2.08852096083081,41.287040434406,60.0,1459833523
20160405_VLG10AH_LEBL_LEMD,2.11416777784257,41.2951506398985,980.0,1459872689
20160405_VLG10FH_LEBL_LEMD,2.1094908217467,41.291986412914,1040.0,1459869187
20160405_VLG10HJ_LEBL_LEMD,2.11274578312623,41.295432219857,1080.0,1459858983
20160405_VLG10KL_LEBL_LEMD,2.1141165578033,41.2954246445411,820.0,1459842374
20160405_VLG10PA_LEBL_LEMD,2.10252,41.291416,700.0,1459865686
20160405_VLG10TY_LEBL_LEMD,2.11219548772806,41.2946555163848,850.0,1459882157
20160405_VLG10XY_LEBL_LEMD,2.11041039215797,41.2932894287401,780.0,1459877008
20160406_AEA2057_LEBL_LEMD,2.06375635639574,41.276729020359,920.0,1459938144
20160406_AEA2159_LEBL_LEMD,2.06345655824293,41.2783584500865,960.0,1459967770
20160406_IBE06GZ_LEBL_LEMD,2.06571476433214,41.2790110206075,620.0,1459919178
20160406_IBE0721_LEBL_LEMD,2.0621939500445,41.2778396432785,780.0,1459921334
20160406_IBE08GV_LEBL_LEMD,2.06577935902067,41.2750636129432,1060.0,1459923655
20160406_IBE09RL_LEBL_LEMD,2.06504838538603,41.2777218018011,860.0,1459928346
20160406_IBE1045_LEBL_LEMD,2.06496558416234,41.2779048020054,860.0,1459933327
20160406_IBE1131_LEBL_LEMD,2.06594516482414,41.2791064266462,720.0,1459935813
20160406_IBE13YN_LEBL_LEMD,2.06341515745692,41.27590280896779,920.0,1459941179
20160406_IBE16LH_LEBL_LEMD,2.07060358163994,41.280474806597,640.0,1459951762
20160406_IBE17CC_LEBL_LEMD,2.06159834904599,41.2766266338292,880.0,1459957704
20160406_IBE18VM_LEBL_LEMD,2.0655463656000803,41.2759172106593,980.0,1459961920
20160406_IBE1925_LEBL_LEMD,2.065799,41.279778,600.0,1459964556
20160406_IBE20DC_LEBL_LEMD,2.07358698591054,41.281967262466004,550.0,1459966222
20160406_IBE2101_LEBL_LEMD,2.0654039637028103,41.27841001726429,750.0,1459969868
20160406_IBE2727_LEBL_LEMD,2.0638401611292903,41.2782034356467,820.0,1459930594
20160406_VLG10AC_LEBL_LEMD,2.068388,41.280201,600.0,1459920221
20160406_VLG10CC_LEBL_LEMD,2.06598638294542,41.277889604148505,1020.0,1459962587
20160406_VLG10CE_LEBL_LEMD,2.07756616523238,41.2833778340895,180.0,1459921518
20160406_VLG10FG_LEBL_LEMD,2.06737916024338,41.2793824364255,620.0,1459923469
20160406_VLG10KL_LEBL_LEMD,2.06948015120361,41.2803802582375,560.0,1459929190
20160406_VLG10MN_LEBL_LEMD,2.06544038366826,41.2774840047628,940.0,1459946052
20160406_VLG10MQ_LEBL_LEMD,2.06370876507083,41.2762170097081,1080.0,1459962318
20160406_VLG10PA_LEBL_LEMD,2.07321596217992,41.2819418387583,600.0,1459951609
20160406_VLG10TY_LEBL_LEMD,2.064395,41.277866,900.0,1459968530
20160407_AEA2057_LEBL_LEMD,2.077844,41.283371,200.0,1460024016
20160407_AEA2159_LEBL_LEMD,2.1125329705169,41.2952756470051,1060.0,1460054775
20160407_ANE6392_LEBL_LEMD,2.07464296820353,41.280299008310706,880.0,1460046013
20160407_IBE06GZ_LEBL_LEMD,2.06519995459269,41.27723682071321,860.0,1460005590
20160407_IBE0721_LEBL_LEMD,2.06252647333361,41.2740290043032,1150.0,1460007548
20160407_IBE08GV_LEBL_LEMD,2.06558273283622,41.2777895031965,850.0,1460009887
20160407_IBE08HN_LEBL_LEMD,2.067126,41.279858,600.0,1460012566
20160407_IBE09RL_LEBL_LEMD,2.0609987408596497,41.2753648197996,1120.0,1460015060
20160407_IBE1045_LEBL_LEMD,2.06527420737768,41.2740296005027,1160.0,1460019669
20160407_IBE1131_LEBL_LEMD,2.06777996715596,41.2791810159581,720.0,1460021988
20160407_IBE13YN_LEBL_LEMD,2.07001998309886,41.28042820994371,640.0,1460027987
20160407_IBE1501_LEBL_LEMD,2.06956,41.280464,700.0,1460034911
20160407_IBE16LH_LEBL_LEMD,2.06528364687278,41.27609533569871,1133.33333333333,1460038814
20160407_IBE17CC_LEBL_LEMD,2.06461376545667,41.2790014261143,680.0,1460046608
20160407_IBE18VM_LEBL_LEMD,2.06601097637895,41.2789666077921,640.0,1460047957
20160407_IBE1925_LEBL_LEMD,2.065198,41.279114,700.0,1460050946
20160407_IBE20DC_LEBL_LEMD,2.1146919821947,41.2948412580875,960.0,1460053195
20160407_IBE2101_LEBL_LEMD,2.11341138475518,41.2951270496426,720.0,1460056474
20160407_IBE2727_LEBL_LEMD,2.06719031165449,41.2796156815918,666.666666666667,1460017547
20160407_VLG10AC_LEBL_LEMD,2.085335,41.28651,0.0,1460006256
20160407_VLG10CC_LEBL_LEMD,2.099092,41.29113,100.0,1460056585
20160407_VLG10CE_LEBL_LEMD,2.06709355966802,41.279726242410895,680.0,1460008819
20160407_VLG10FG_LEBL_LEMD,2.07236017153082,41.281513428249,380.0,1460009713
20160407_VLG10FH_LEBL_LEMD,2.07849218177398,41.2838118134573,140.0,1460042257
20160407_VLG10HJ_LEBL_LEMD,2.069185,41.280582,600.0,1460012661
20160407_VLG10KL_LEBL_LEMD,2.062566,41.275002,1200.0,1460018770
20160407_VLG10KM_LEBL_LEMD,2.11289536948084,41.2953126415723,920.0,1460054049
20160407_VLG10MN_LEBL_LEMD,2.06742978692773,41.276083200784996,920.0,1460032583
20160407_VLG10VW_LEBL_LEMD,2.0789310000000003,41.283916,100.0,1460049026
20160408_AEA2057_LEBL_LEMD,2.112808,41.292797,800.0,1460111415
20160408_AEA2159_LEBL_LEMD,2.0670853752872103,41.279027623251,920.0,1460141854
20160408_IBE0721_LEBL_LEMD,2.11184178208578,41.2951254310692,920.0,1460094248
20160408_IBE08GV_LEBL_LEMD,2.06867658312194,41.2797410102984,640.0,1460096142
20160408_IBE08HN_LEBL_LEMD,2.068917,41.280102,800.0,1460098606
20160408_IBE09RL_LEBL_LEMD,2.1111410108762803,41.2934422584689,1160.0,1460101915
20160408_IBE1131_LEBL_LEMD,2.11182584559106,41.292680861192395,940.0,1460109634
20160408_IBE1501_LEBL_LEMD,2.066151,41.279541,700.0,1460123421
20160408_IBE16LH_LEBL_LEMD,2.07106296655559,41.2812128459821,560.0,1460125005
20160408_IBE17CC_LEBL_LEMD,2.0646814598884498,41.277696517922,900.0,1460134243
20160408_IBE18VM_LEBL_LEMD,2.07556815568614,41.282873677413896,450.0,1460134121
20160408_IBE1925_LEBL_LEMD,2.063987,41.2761,1300.0,1460137350
20160408_IBE2101_LEBL_LEMD,2.06902836837821,41.2801832277591,620.0,1460142814
20160408_VLG10CE_LEBL_LEMD,2.080481,41.28442800000001,100.0,1460095591
20160408_VLG10FH_LEBL_LEMD,2.07969796185705,41.2842498532451,80.0,1460128640
20160408_VLG10HJ_LEBL_LEMD,2.06049213381004,41.274193833527896,1320.0,1460099049
20160408_VLG10KL_LEBL_LEMD,2.0930409688516,41.2886600318418,-50.0,1460101773
20160408_VLG10MN_LEBL_LEMD,2.0742668191666103,41.281480511787706,350.0,1460118731
20160408_VLG10MQ_LEBL_LEMD,2.06948375920524,41.280281240704106,860.0,1460144775
20160408_VLG10VW_LEBL_LEMD,2.07384098662044,41.2821372121245,200.0,1460138497
20160408_VLG10XY_LEBL_LEMD,2.068406,41.276016,1000.0,1460140635
20160409_AEA2057_LEBL_LEMD,2.0703939739628403,41.2809358235015,880.0,1460198378
20160409_AEA2159_LEBL_LEMD,2.06961398270244,41.2805320113829,780.0,1460229172
20160409_IBE08GV_LEBL_LEMD,2.07295096264272,41.281280217893894,440.0,1460183018
20160409_IBE10ZK_LEBL_LEMD,2.06439758097611,41.2775672044556,1040.0,1460190067
20160409_IBE1131_LEBL_LEMD,2.06976,41.280613,600.0,1460195701
20160409_IBE13YN_LEBL_LEMD,2.07262616387754,41.2815926425725,820.0,1460200565
20160409_IBE18VM_LEBL_LEMD,2.06921397137523,41.2797910202074,950.0,1460224208
20160409_IBE2101_LEBL_LEMD,2.06614518520746,41.2785212019515,760.0,1460229942
20160409_VLG10AH_LEBL_LEMD,2.068986,41.280518,900.0,1460218781
20160409_VLG10HJ_LEBL_LEMD,2.069913,41.280281,700.0,1460185596
20160409_VLG10PA_LEBL_LEMD,2.0696461663691204,41.280107439272896,840.0,1460211490
20160410_AEA2057_LEBL_LEMD,2.06971447006447,41.2803820292931,900.0,1460284993
20160410_IBE08HN_LEBL_LEMD,2.05431234669595,41.2739498179019,860.0,1460271654
20160410_IBE10ZK_LEBL_LEMD,2.06567176775718,41.2791910269019,740.0,1460276738
20160410_IBE1131_LEBL_LEMD,2.06770047791611,41.279878763491,900.0,1460281117
20160410_IBE16LH_LEBL_LEMD,2.06853537077995,41.279848431929004,720.0,1460298009
20160410_IBE18VM_LEBL_LEMD,2.06815636879992,41.2785602090665,780.0,1460307363
20160410_IBE20DC_LEBL_LEMD,2.0654075833753,41.2785984089318,740.0,1460312267
20160410_VLG10AH_LEBL_LEMD,2.081678,41.284973,0.0,1460307221
20160410_VLG10MN_LEBL_LEMD,2.0718611471111203,41.2815220622411,480.0,1460272484
20160410_VLG10PA_LEBL_LEMD,2.06785237743816,41.279390605361705,860.0,1460298307
20160410_VLG10TY_LEBL_LEMD,2.06339,41.276169,1100.0,1460314806
20160410_VLG10XY_LEBL_LEMD,2.066890969827,41.2775780090279,900.0,1460312364
20160411_AEA2057_LEBL_LEMD,2.0648561830285,41.2773050037873,960.0,1460370042
20160411_AEA2159_LEBL_LEMD,2.069561,41.280499,600.0,1460399806
20160411_IBE06GZ_LEBL_LEMD,2.06897196484067,41.28033602968,480.0,1460351028
20160411_IBE08GV_LEBL_LEMD,2.06685354998046,41.2780480271803,840.0,1460355760
20160411_IBE08HN_LEBL_LEMD,2.0642711522415302,41.2762976097614,980.0,1460358114
20160411_IBE09RL_LEBL_LEMD,2.07197117305066,41.2807958153253,820.0,1460360813
20160411_IBE1045_LEBL_LEMD,2.07663598336592,41.2831226126517,280.0,1460366157
20160411_IBE1131_LEBL_LEMD,2.076401,41.282207,100.0,1460367906
20160411_IBE1501_LEBL_LEMD,2.07524097148746,41.2823465238501,350.0,1460380428
20160411_IBE16LH_LEBL_LEMD,2.06632518081608,41.279081008719295,740.0,1460384007
20160411_IBE17CC_LEBL_LEMD,2.070868,41.280975,600.0,1460389626
20160411_IBE1925_LEBL_LEMD,2.06367,41.278603,800.0,1460396505
20160411_IBE2101_LEBL_LEMD,2.0683567729518,41.280242419726896,820.0,1460402329
20160411_IBE2727_LEBL_LEMD,2.06253517452535,41.2750428069904,1040.0,1460362288
20160411_IBK8921_LEBL_LEMD,2.10496232150876,41.29247484299661,633.333333333333,1460350296
20160411_VJT624P_LEBL_LEMD,2.06688077870058,41.2794922098443,660.0,1460390787
20160411_VLG1027_LEBL_LEMD,2.066793,41.279724,800.0,1460401646
20160411_VLG10AC_LEBL_LEMD,2.07850511156619,41.283744684407395,240.0,1460352895
20160411_VLG10CE_LEBL_LEMD,2.065612,41.278011,1000.0,1460354051
20160411_VLG10FG_LEBL_LEMD,2.06072095468062,41.2747770160162,0.0,1460356300
20160411_VLG10FH_LEBL_LEMD,2.06665997776884,41.276654002842896,1180.0,1460387684
20160411_VLG10MN_LEBL_LEMD,2.07464678659858,41.2823480118709,240.0,1460377402
20160411_VLG10PA_LEBL_LEMD,2.066282,41.279293,800.0,1460383741
20160412_AEA2057_LEBL_LEMD,2.06057676047374,41.2757634210018,1180.0,1460458540
20160412_AEA2159_LEBL_LEMD,2.06698516445454,41.2778862155121,1020.0,1460486489
20160412_AEA937_LEBL_LEMD,2.06643298251424,41.278647003367894,1166.66666666667,1460478227
20160412_IBE06GZ_LEBL_LEMD,2.06266375408632,41.2766504197255,1140.0,1460437440
20160412_IBE0721_LEBL_LEMD,2.06387145644771,41.27533151286129,1150.0,1460439233
20160412_IBE08HN_LEBL_LEMD,2.06230575107804,41.2758212197255,940.0,1460444780
20160412_IBE09RL_LEBL_LEMD,2.06362496969575,41.2762312064697,1020.0,1460446874
20160412_IBE1045_LEBL_LEMD,2.06176120205407,41.2705476000245,1480.0,1460451643
20160412_IBE1501_LEBL_LEMD,2.0643531581092702,41.2767406187332,960.0,1460467240
20160412_IBE16LH_LEBL_LEMD,2.0668183573581,41.278783618953796,680.0,1460470504
20160412_IBE17CC_LEBL_LEMD,2.06818917323369,41.2802666185162,680.0,1460476438
20160412_IBE18VM_LEBL_LEMD,2.0672305868563403,41.277456402100704,1040.0,1460479817
20160412_IBE1925_LEBL_LEMD,2.067127,41.280006,700.0,1460482911
20160412_IBE20DC_LEBL_LEMD,2.07033995370477,41.2792290224131,660.0,1460484975
20160412_IBE2101_LEBL_LEMD,2.06688796282151,41.2792662264685,720.0,1460488559
20160412_IBE2727_LEBL_LEMD,2.06156956760435,41.276150609223,980.0,1460449098
20160412_VLG10AC_LEBL_LEMD,2.0800417735478,41.284129823765,180.0,1460437973
20160412_VLG10AH_LEBL_LEMD,2.07703172864171,41.28323151577021,250.0,1460478382
20160412_VLG10FG_LEBL_LEMD,2.069556,41.279831,700.0,1460441941
20160412_VLG10FH_LEBL_LEMD,2.0667879514237497,41.27890283276809,760.0,1460473635
20160412_VLG10HJ_LEBL_LEMD,2.06440446268061,41.277557508781,800.0,1460463598
20160412_VLG10KL_LEBL_LEMD,2.0677312238389,41.2795180085319,650.0,1460447442
20160412_VLG10PA_LEBL_LEMD,2.0659,41.27825900000001,1000.0,1460470691
20160412_VLG10TY_LEBL_LEMD,2.06830774327477,41.2795160481281,940.0,1460486750
20160412_VLG10XY_LEBL_LEMD,2.08150476179833,41.28483024407971,180.0,1460481109
20160413_AEA2057_LEBL_LEMD,2.07040097736046,41.281315811167104,780.0,1460544173
20160413_AEA2159_LEBL_LEMD,2.06736918434569,41.27852120297771,940.0,1460572582
20160413_BCS833_LEBL_LEMD,2.069515,41.280331,900.0,1460528416
20160413_IBE06GZ_LEBL_LEMD,2.06506157014212,41.2784222186164,880.0,1460523884
20160413_IBE0721_LEBL_LEMD,2.06663896929217,41.2768632095402,1100.0,1460526293
20160413_IBE08GV_LEBL_LEMD,2.06589958014194,41.2789128054351,860.0,1460528092
20160413_IBE08HN_LEBL_LEMD,2.069761,41.280746,0.0,1460530901
20160413_IBE09RL_LEBL_LEMD,2.0678457767325,41.276147602627,960.0,1460533310
20160413_IBE1131_LEBL_LEMD,2.0669377661573702,41.2772818098879,960.0,1460540659
20160413_IBE13YN_LEBL_LEMD,2.06954396763592,41.279514508869,900.0,1460546178
20160413_IBE1501_LEBL_LEMD,2.06935518324292,41.280189807764295,640.0,1460553062
20160413_IBE17CC_LEBL_LEMD,2.06762171139053,41.283775219312794,860.0,1460562325
20160413_IBE18VM_LEBL_LEMD,2.06375198333865,41.2752412012474,0.0,1460566299
20160413_IBE20DC_LEBL_LEMD,2.067986,41.279537,900.0,1460571046
20160413_IBE2101_LEBL_LEMD,2.06740995512564,41.27940804408379,860.0,1460574690
20160413_IBE2727_LEBL_LEMD,2.06581336542047,41.276215807309,960.0,1460536264
20160413_VLG10AC_LEBL_LEMD,2.06932197897902,41.2804956200979,680.0,1460524363
20160413_VLG10CE_LEBL_LEMD,2.066655,41.278809,900.0,1460526736
20160413_VLG10FG_LEBL_LEMD,2.08203034393205,41.2854530651909,0.0,1460527520
20160413_VLG10KL_LEBL_LEMD,2.06440775729925,41.2777422157858,920.0,1460530054
20160413_VLG10MQ_LEBL_LEMD,2.07069232303741,41.278251335199,933.333333333334,1460567241
20160413_VLG10TY_LEBL_LEMD,2.06534098123871,41.275293501823,1200.0,1460573413
20160414_AEA2057_LEBL_LEMD,2.07092848025206,41.2809220084009,225.0,1460629282
20160414_AEA2159_LEBL_LEMD,2.071176,41.280827,800.0,1460658901
20160414_AEA2716_LEBL_LEMD,2.06388174908739,41.277806834485396,940.0,1460658150
20160414_AEA939_LEBL_LEMD,2.10476595484863,41.3061140552403,725.0,1460596139
20160414_ANE6392_LEBL_LEMD,2.07837617403118,41.283587822009004,620.0,1460643928
20160414_IBE06GZ_LEBL_LEMD,2.06735016190589,41.2797508495699,540.0,1460610355
20160414_IBE0721_LEBL_LEMD,2.06644056182756,41.2791680305279,720.0,1460613164
20160414_IBE08GV_LEBL_LEMD,2.06621436852902,41.2789694220307,680.0,1460614768
20160414_IBE09RL_LEBL_LEMD,2.064378,41.278732,700.0,1460619986
20160414_IBE1045_LEBL_LEMD,2.06600253397937,41.2776524367496,860.0,1460625365
20160414_IBE1131_LEBL_LEMD,2.06693575941745,41.2791474258347,920.0,1460626854
20160414_IBE13YN_LEBL_LEMD,2.0671947688237,41.276677409855296,980.0,1460634688
20160414_IBE1501_LEBL_LEMD,2.06910918533981,41.2796312035015,840.0,1460641382
20160414_IBE16LH_LEBL_LEMD,2.071866,41.281574,600.0,1460644051
20160414_IBE17CC_LEBL_LEMD,2.0655875570248603,41.276260412955295,980.0,1460649220
20160414_IBE18VM_LEBL_LEMD,2.06874357565061,41.2776630046666,1080.0,1460652974
20160414_IBE1925_LEBL_LEMD,2.07104697285217,41.2807136147142,780.0,1460655848
20160414_IBE20DC_LEBL_LEMD,2.07406898594377,41.2815903373333,666.666666666667,1460657721
20160414_IBE2101_LEBL_LEMD,2.06878463713713,41.2788570074712,966.666666666666,1460661214
20160414_IBE2727_LEBL_LEMD,2.06342196499168,41.277682413391204,880.0,1460621688
20160414_VLG10AC_LEBL_LEMD,2.0657266468703,41.27877767333821,833.333333333334,1460611331
20160414_VLG10CE_LEBL_LEMD,2.0666379664209,41.2796070260204,800.0,1460613557
20160414_VLG10FH_LEBL_LEMD,2.068757,41.275532,1200.0,1460647066
20160414_VLG10HJ_LEBL_LEMD,2.0673219544324897,41.279484251677296,840.0,1460617855
20160414_VLG10KL_LEBL_LEMD,2.0622787464583303,41.2757890206985,980.0,1460620214
20160414_VLG10KM_LEBL_LEMD,2.07223937485742,41.2798054067255,920.0,1460663153
20160414_VLG10MN_LEBL_LEMD,2.06441317901636,41.277838004237104,940.0,1460636162
20160414_VLG10VW_LEBL_LEMD,2.08167795869872,41.284907857076,240.0,1460654745
20160415_AEA2057_LEBL_LEMD,2.06299396548354,41.2778254291268,960.0,1460716269
20160415_AEA2159_LEBL_LEMD,2.06607737007653,41.278955819200796,860.0,1460745563
20160415_IBE08GV_LEBL_LEMD,2.06866576035554,41.2802470430732,940.0,1460700780
20160415_IBE08HN_LEBL_LEMD,2.07285395711256,41.2819800424301,380.0,1460703344
20160415_IBE09RL_LEBL_LEMD,2.07198317760333,41.28125923106771,440.0,1460706713
20160415_IBE1131_LEBL_LEMD,2.07341338115327,41.2823300130573,480.0,1460713632
20160415_IBE13YN_LEBL_LEMD,2.070336,41.280746,300.0,1460718961
20160415_IBE1501_LEBL_LEMD,2.06312656695297,41.2741708084125,1060.0,1460727099
20160415_IBE16LH_LEBL_LEMD,2.07099897535909,41.280110406459706,920.0,1460729373
20160415_IBE17CC_LEBL_LEMD,2.06689738693012,41.2771592021031,940.0,1460736627
20160415_IBE18VM_LEBL_LEMD,2.070977,41.280827,700.0,1460738571
20160415_IBE1925_LEBL_LEMD,2.0675482849565,41.27905903258729,800.0,1460742049
20160415_IBE2101_LEBL_LEMD,2.0649997660671,41.2776898113883,880.0,1460747593
20160415_IBE2727_LEBL_LEMD,2.0712711889833604,41.281201411489796,460.0,1460708792
20160415_VLG10CE_LEBL_LEMD,2.06326936140556,41.27439901241,1080.0,1460699320
20160415_VLG10FH_LEBL_LEMD,2.06708195371539,41.279051028068,925.0,1460734414
20160415_VLG10HJ_LEBL_LEMD,2.06820773145284,41.2768301128438,360.0,1460703813
20160415_VLG10KL_LEBL_LEMD,2.07023198964794,41.2796362011342,740.0,1460706207
20160415_VLG10MN_LEBL_LEMD,2.067787,41.279655,800.0,1460722781
20160415_VLG10PA_LEBL_LEMD,2.06270475741314,41.27606381117621,1040.0,1460731440
20160415_VLG10VW_LEBL_LEMD,2.06963277090256,41.2806872237647,680.0,1460740758
20160415_VLG10XY_LEBL_LEMD,2.06484358542321,41.2767288023234,960.0,1460749582
20160416_AEA2057_LEBL_LEMD,2.0628580000000003,41.275753,1000.0,1460802140
20160416_AEA2159_LEBL_LEMD,2.06310515941243,41.2771848140715,1340.0,1460832159
20160416_IBE08GV_LEBL_LEMD,2.07140946579625,41.281084028444,650.0,1460787433
20160416_IBE10ZK_LEBL_LEMD,2.0682043167502098,41.279777670604894,650.0,1460795051
20160416_IBE13YN_LEBL_LEMD,2.0670003582212098,41.279542426483395,820.0,1460806164
20160416_IBE18VM_LEBL_LEMD,2.06966895667074,41.2801570331482,600.0,1460827933
20160416_IBE2101_LEBL_LEMD,2.06890438413734,41.280200607969604,740.0,1460833947
20160416_VLG10AH_LEBL_LEMD,2.065973,41.27927800000001,1000.0,1460824291
20160416_VLG10HJ_LEBL_LEMD,2.07011778567244,41.2798490051631,820.0,1460791257
20160416_VLG10PA_LEBL_LEMD,2.0708855571221,41.2811134538045,660.0,1460816105
20160417_AEA2159_LEBL_LEMD,2.06605897610689,41.27893601530671,720.0,1460918748
20160417_IBE08HN_LEBL_LEMD,2.08854558838595,41.288106008273395,100.0,1460876572
20160417_IBE10ZK_LEBL_LEMD,2.064857,41.277512,1000.0,1460881371
20160417_IBE1131_LEBL_LEMD,2.06785216668766,41.2786430183749,860.0,1460886585
20160417_IBE13YN_LEBL_LEMD,2.06179995203206,41.2772245333898,875.0,1460893544
20160417_IBE16LH_LEBL_LEMD,2.0692844727560704,41.278715008680294,900.0,1460902378
20160417_IBE18VM_LEBL_LEMD,2.06916048442668,41.280771508437,650.0,1460911681
20160417_IBE20DC_LEBL_LEMD,2.06501518747484,41.2758328007808,1040.0,1460917080
20160417_VLG10AH_LEBL_LEMD,2.06859076115586,41.278066412897,960.0,1460910679
20160417_VLG10MN_LEBL_LEMD,2.06671996495709,41.2778160078755,980.0,1460877138
20160417_VLG10MQ_LEBL_LEMD,2.08253698528233,41.2851662123868,40.0,1460907482
20160417_VLG10PA_LEBL_LEMD,2.071864,41.281342,500.0,1460902731
20160417_VLG10TY_LEBL_LEMD,2.10902098423605,41.2937984479222,1060.0,1460921345
20160417_VLG10XY_LEBL_LEMD,2.0651055830167,41.27401820195,1180.0,1460918229
20160418_AEA2057_LEBL_LEMD,2.06384477783286,41.2782570116425,760.0,1460974762
20160418_AEA2159_LEBL_LEMD,2.113026,41.292412,1300.0,1461004571
20160418_IBE06GZ_LEBL_LEMD,2.06401395285559,41.2777268192561,740.0,1460955779
20160418_IBE0721_LEBL_LEMD,2.06738996602292,41.2797565299719,750.0,1460958433
20160418_IBE08HN_LEBL_LEMD,2.06135214531059,41.2752348214157,960.0,1460962800
20160418_IBE09RL_LEBL_LEMD,2.0650171727334,41.2739936041464,1220.0,1460965454
20160418_IBE1045_LEBL_LEMD,2.06613038281216,41.2760912021083,980.0,1460970463
20160418_IBE1131_LEBL_LEMD,2.07720918208395,41.2835126141371,320.0,1460973002
20160418_IBE13YN_LEBL_LEMD,2.0630490000000004,41.278271,800.0,1460978141
20160418_IBE1501_LEBL_LEMD,2.11487038645021,41.295078247417,1020.0,1460984985
20160418_IBE16LH_LEBL_LEMD,2.1097885739108,41.2941956329978,880.0,1460988734
20160418_IBE17CC_LEBL_LEMD,2.11362558040594,41.2954102252925,680.0,1460994378
20160418_IBE1925_LEBL_LEMD,2.11454423905923,41.2954520145095,850.0,1461001277
20160418_IBE2101_LEBL_LEMD,2.113643,41.295425,1000.0,1461006856
20160418_VLG1027_LEBL_LEMD,2.11256178086353,41.2950030318818,1020.0,1461004799
20160418_VLG10AC_LEBL_LEMD,2.06825396977058,41.280091228537295,580.0,1460956713
20160418_VLG10AE_LEBL_LEMD,2.11299639362187,41.295813014661896,820.0,1460941392
20160418_VLG10CE_LEBL_LEMD,2.06719594989352,41.276810221400396,960.0,1460958860
20160418_VLG10FH_LEBL_LEMD,2.11157799001455,41.294708430455714,920.0,1460992143
20160418_VLG10KL_LEBL_LEMD,2.0673511816143,41.279879813457,740.0,1460966747
20160418_VLG10MN_LEBL_LEMD,2.09065,41.288128,0.0,1460983166
20160418_VLG10PA_LEBL_LEMD,2.11319556855062,41.2951946548859,1160.0,1460988335
20160419_AEA2057_LEBL_LEMD,2.10985119764655,41.294320613409,1060.0,1461060777
20160419_AEA2159_LEBL_LEMD,2.105801,41.292854,700.0,1461091176
20160419_IBE0721_LEBL_LEMD,2.065131,41.279015,600.0,1461044701
20160419_IBE08GV_LEBL_LEMD,2.065234,41.277744,700.0,1461046110
20160419_IBE08HN_LEBL_LEMD,2.06385134618529,41.27709621845521,720.0,1461049019
20160419_IBE09RL_LEBL_LEMD,2.06674957936184,41.2784028024344,880.0,1461051913
20160419_IBE1045_LEBL_LEMD,2.06879097905551,41.278873406890796,740.0,1461056457
20160419_IBE1131_LEBL_LEMD,2.115457,41.295586,1000.0,1461058866
20160419_IBE13YN_LEBL_LEMD,2.11973779040898,41.29631666145861,1160.0,1461064535
20160419_IBE1501_LEBL_LEMD,2.11456019816785,41.2950410541686,1220.0,1461071339
20160419_IBE16LH_LEBL_LEMD,2.11531540103874,41.29552403244861,980.0,1461075128
20160419_IBE17CC_LEBL_LEMD,2.11356978345066,41.295603216887706,840.0,1461080707
20160419_IBE18VM_LEBL_LEMD,2.109082,41.294209,600.0,1461084305
20160419_IBE1925_LEBL_LEMD,2.11356477909123,41.294970035219706,980.0,1461087399
20160419_IBE2101_LEBL_LEMD,2.1064495886751,41.293321411121,440.0,1461093232
20160419_IBE2727_LEBL_LEMD,2.064954,41.27898,600.0,1461054146
20160419_P4LIG_LEBL_LEMD,2.08309958137602,41.28539682089529,20.0,1461069730
20160419_VLG10AC_LEBL_LEMD,2.06283675313489,41.275207413157,860.0,1461044254
20160419_VLG10AH_LEBL_LEMD,2.1066567755006,41.2932350230143,620.0,1461083453
20160419_VLG10CE_LEBL_LEMD,2.0680713750064097,41.280550213207995,640.0,1461044952
20160419_VLG10FG_LEBL_LEMD,2.070023,41.280262,500.0,1461046556
20160419_VLG10FH_LEBL_LEMD,2.11198560137609,41.2941570557527,1040.0,1461079790
20160419_VLG10KL_LEBL_LEMD,2.06485746294095,41.2776375139574,800.0,1461051678
20160419_VLG10PA_LEBL_LEMD,2.11317281256163,41.2918706107961,1120.0,1461075262
20160419_VLG10TY_LEBL_LEMD,2.10835,41.29398,800.0,1461091361
20160419_VLG10XY_LEBL_LEMD,2.11419219718107,41.2948032597226,1060.0,1461086235
20160420_AEA2057_LEBL_LEMD,2.1039669738492,41.2921417849226,925.0,1461148134
20160420_AEA2159_LEBL_LEMD,2.10343358398234,41.2926082173902,920.0,1461177428
20160420_IBE06GZ_LEBL_LEMD,2.10398399302903,41.2922906755835,450.0,1461129136
20160420_IBE0721_LEBL_LEMD,2.10923117176264,41.294198446982,720.0,1461131790
20160420_IBE08GV_LEBL_LEMD,2.10608577243067,41.2931412322895,880.0,1461133809
20160420_IBE08HN_LEBL_LEMD,2.11482037209475,41.2942748356047,1220.0,1461135618
20160420_IBE09RL_LEBL_LEMD,2.10117739050372,41.29173760936,380.0,1461138912
20160420_IBE1131_LEBL_LEMD,2.10746217753046,41.293422234780394,980.0,1461146940
20160420_IBE13YN_LEBL_LEMD,2.11675000262539,41.29551503417761,1200.0,1461151563
20160420_IBE1501_LEBL_LEMD,2.10761749019946,41.2934325152669,975.0,1461158312
20160420_IBE16LH_LEBL_LEMD,2.102697,41.29156500000001,700.0,1461162131
20160420_IBE18VM_LEBL_LEMD,2.1072719769902,41.2930260283285,900.0,1461171123
20160420_IBE1925_LEBL_LEMD,2.11466501186931,41.2948032151631,1360.0,1461174042
20160420_IBE20DC_LEBL_LEMD,2.103675,41.292347,800.0,1461175790
20160420_IBE2101_LEBL_LEMD,2.1069749940481897,41.293258514912,400.0,1461179298
20160420_IBE2727_LEBL_LEMD,2.10978079962217,41.2936850133968,700.0,1461140267
20160420_P4LIG_LEBL_LEMD,2.0811323936000004,41.284613404651,0.0,1461144652
20160420_VLG10AC_LEBL_LEMD,2.110765,41.294754,900.0,1461130166
20160420_VLG10CC_LEBL_LEMD,2.10983758885311,41.2935052360282,960.0,1461171030
20160420_VLG10CE_LEBL_LEMD,2.10933577767378,41.293891829801,1020.0,1461132309
20160420_VLG10FG_LEBL_LEMD,2.1020823185233404,41.2921243511761,500.0,1461133687
20160420_VLG10FH_LEBL_LEMD,2.096011,41.28994,200.0,1461168321
20160420_VLG10MQ_LEBL_LEMD,2.10830497908171,41.2937715241004,850.0,1461173023
20160420_VLG10PA_LEBL_LEMD,2.10573549449168,41.2924693423476,833.333333333334,1461162321
20160420_VLG10TY_LEBL_LEMD,2.10737697153093,41.293230843534396,860.0,1461178010
20160421_AEA2057_LEBL_LEMD,2.10992676792148,41.2943908356484,880.0,1461234399
20160421_AEA2159_LEBL_LEMD,2.06938336662017,41.279670612829,1180.0,1461264513
20160421_AEA2716_LEBL_LEMD,2.06423398224945,41.2789614090466,740.0,1461267177
20160421_IBE06GZ_LEBL_LEMD,2.110111366463,41.2941308500885,840.0,1461215015
20160421_IBE0721_LEBL_LEMD,2.11305617175503,41.2955678423754,920.0,1461218039
20160421_IBE08GV_LEBL_LEMD,2.10768647274472,41.293823028146896,850.0,1461219193
20160421_IBE09RL_LEBL_LEMD,2.10825559166915,41.2937190373384,620.0,1461224740
20160421_IBE1045_LEBL_LEMD,2.10540918431525,41.2924528344369,640.0,1461229409
20160421_IBE1131_LEBL_LEMD,2.10733817532287,41.29331983167521,820.0,1461233068
20160421_IBE13YN_LEBL_LEMD,2.10658219660081,41.2932994150724,700.0,1461238912
20160421_IBE1501_LEBL_LEMD,2.106377,41.293018,500.0,1461244761
20160421_IBE16LH_LEBL_LEMD,2.12513042387479,41.294125062427895,1180.0,1461247815
20160421_IBE17CC_LEBL_LEMD,2.10720155968784,41.293391241609,680.0,1461254619
20160421_IBE18VM_LEBL_LEMD,2.07143297197922,41.279424508687796,500.0,1461258128
20160421_IBE1925_LEBL_LEMD,2.06780738654697,41.2800614088129,740.0,1461260482
20160421_IBE20DC_LEBL_LEMD,2.077092,41.283241,600.0,1461262356
20160421_IBE2101_LEBL_LEMD,2.06465935646679,41.278474636628395,980.0,1461266380
20160421_IBE2727_LEBL_LEMD,2.10736777313616,41.29317003051301,720.0,1461227999
20160421_VLG10AC_LEBL_LEMD,2.11304918424287,41.295194827950894,1020.0,1461216213
20160421_VLG10CC_LEBL_LEMD,2.0705743827063503,41.2800652049277,920.0,1461267067
20160421_VLG10CE_LEBL_LEMD,2.112137,41.294884,600.0,1461218441
20160421_VLG10FH_LEBL_LEMD,2.1041875713731297,41.292959844018796,420.0,1461251775
20160421_VLG10KM_LEBL_LEMD,2.06667938123371,41.278359804854105,920.0,1461263927
20160421_VLG10MN_LEBL_LEMD,2.112357,41.2948,800.0,1461242041
20160421_VLG10PA_LEBL_LEMD,2.10669195803996,41.2932112565746,460.0,1461248795
20160421_VLG10VW_LEBL_LEMD,2.0655313694472803,41.27711800569529,1020.0,1461260044
20160422_AEA2057_LEBL_LEMD,2.07392417683798,41.28207042200879,500.0,1461330003
20160422_AEA2159_LEBL_LEMD,2.06891778445231,41.280218607159796,860.0,1461350167
20160422_ANE6610_LEBL_LEMD,2.07656475766692,41.2816456241635,940.0,1461353335
20160422_IBE0721_LEBL_LEMD,2.0681407502293,41.2803440502105,560.0,1461304599
20160422_IBE08HN_LEBL_LEMD,2.06118036385192,41.275411010198,940.0,1461308553
20160422_IBE09RL_LEBL_LEMD,2.06239058900633,41.2737290011735,1240.0,1461311197
20160422_IBE1131_LEBL_LEMD,2.066216,41.279308,700.0,1461318345
20160422_IBE13YN_LEBL_LEMD,2.06599435475948,41.2791404407752,760.0,1461325009
20160422_IBE1501_LEBL_LEMD,2.06612136984484,41.2790016169992,780.0,1461330847
20160422_IBE17CC_LEBL_LEMD,2.06348195226349,41.278120238422396,960.0,1461339930
20160422_IBE18VM_LEBL_LEMD,2.07006958392606,41.2784530012442,880.0,1461343924
20160422_IBE1925_LEBL_LEMD,2.06759296272742,41.2786540102708,850.0,1461346818
20160422_IBE2101_LEBL_LEMD,2.06870338352019,41.279863208494795,820.0,1461352322
20160422_VLG10CE_LEBL_LEMD,2.06632993463438,41.2761400263751,1150.0,1461304854
20160422_VLG10FH_LEBL_LEMD,2.06350396897085,41.2773646087574,1080.0,1461339618
20160422_VLG10HJ_LEBL_LEMD,2.06218838635755,41.277739203032496,780.0,1461308672
20160422_VLG10KL_LEBL_LEMD,2.060794,41.274361,1100.0,1461311076
20160422_VLG10MN_LEBL_LEMD,2.06331336333426,41.2758174131838,1160.0,1461327920
20160422_VLG10MQ_LEBL_LEMD,2.0839527494008503,41.2860976467013,160.0,1461354584
20160422_VLG10PA_LEBL_LEMD,2.0687387682087297,41.27904801103379,980.0,1461336798
20160422_VLG10VW_LEBL_LEMD,2.074789,41.282482,500.0,1461346011
20160422_VLG10XY_LEBL_LEMD,2.0732509729573403,41.2818272383195,520.0,1461348495
20160423_AEA2057_LEBL_LEMD,2.06479676592164,41.27921823754721,720.0,1461406929
20160423_AEA2159_LEBL_LEMD,2.10473917603588,41.2927430220205,420.0,1461436953
20160423_ANE002_LEBL_LEMD,2.0738535830216698,41.282109414407294,380.0,1461410822
20160423_IBE08GV_LEBL_LEMD,2.06500475572818,41.276363618133104,860.0,1461392660
20160423_IBE10ZK_LEBL_LEMD,2.06544295658261,41.277569015752505,900.0,1461399608
20160423_IBE1131_LEBL_LEMD,2.0694211835842697,41.2800860067777,140.0,1461404747
20160423_IBE13YN_LEBL_LEMD,2.065497,41.277279,1000.0,1461410021
20160423_IBE18VM_LEBL_LEMD,2.1117335754933,41.294072049011,860.0,1461430460
20160423_VLG10AH_LEBL_LEMD,2.10706179314025,41.2930594109883,600.0,1461428687
20160423_VLG10FG_LEBL_LEMD,2.0616363519299097,41.2755822263877,1060.0,1461393085
20160423_VLG10HJ_LEBL_LEMD,2.06666254644517,41.2785748316529,720.0,1461401194
20160423_VLG10PA_LEBL_LEMD,2.06516530475358,41.2785456762378,900.0,1461420812
20160424_AEA2057_LEBL_LEMD,2.0665435745625,41.2794318459365,840.0,1461494075
20160424_IBE08HN_LEBL_LEMD,2.0653325796635,41.277935804385706,940.0,1461481237
20160424_IBE10ZK_LEBL_LEMD,2.064017,41.277466,800.0,1461485966
20160424_IBE1131_LEBL_LEMD,2.06472916369535,41.2783108326916,880.0,1461491580
20160424_IBE13YN_LEBL_LEMD,2.0659423629467697,41.2786966192055,780.0,1461496579
20160424_IBE18VM_LEBL_LEMD,2.06609198181866,41.2793108096055,740.0,1461516807
20160424_IBE20DC_LEBL_LEMD,2.06436,41.2794,600.0,1461522035
20160424_VLG10AH_LEBL_LEMD,2.06939396637028,41.280703041125705,560.0,1461522369
20160424_VLG10MN_LEBL_LEMD,2.07458515477151,41.2824378338153,360.0,1461476228
20160424_VLG10MQ_LEBL_LEMD,2.06700723272706,41.278607253126005,850.0,1461511447
20160424_VLG10PA_LEBL_LEMD,2.064053,41.276131,1100.0,1461507571
20160424_VLG10XY_LEBL_LEMD,2.06751495943286,41.2784982113718,540.0,1461521104
20160401_AEA2159_LEBL_LEMD,2.066052964562,41.2771486086187,1220.0,1459535613
