trajectory_ID,longitude,latitude,altitude,timestamp,,,,,,,,,,,,,,,,,,,,,
20160401_AEA2159_LEBL_LEMD,2.066052965,41.27714861,1220,1459535613,,,,,,,,,,,,,,,,,,,,,
20160401_AEA2159_LEBL_LEMD,2.063849174,41.2737916,1520,1459535618,,,,,,,,,,,,,,,,,,,,,
20160401_AEA2159_LEBL_LEMD,2.062559791,41.2702896,1780,1459535623,,,,,,,,,,,,,,,,,,,,,
20160401_AEA2159_LEBL_LEMD,2.062382006,41.266369,1950,1459535628,,,,,,,,,,,,,,,,,,,,,
20160401_AEA2159_LEBL_LEMD,2.062326491,41.262625,2150,1459535633,,,,,,,,,,,,,,,,,,,,,
20160401_AEA2159_LEBL_LEMD,2.062060598,41.2591256,2300,1459535638,,,,,,,,,,,,,,,,,,,,,
20160401_AEA2159_LEBL_LEMD,2.061383173,41.2552076,2340,1459535643,,,,,,,,,,,,,,,,,,,,,
20160401_AEA2159_LEBL_LEMD,2.058688433,41.25075752,2450,1459535648,,,,,,,,,,,,,,,,,,,,,
20160401_AEA2159_LEBL_LEMD,2.054568415,41.24701154,2500,1459535653,,,,,,,,,,,,,,,,,,,,,
20160401_AEA2159_LEBL_LEMD,2.05011814,41.24416764,2580,1459535658,,,,,,,,,,,,,,,,,,,,,
20160401_AEA2159_LEBL_LEMD,2.04445941,41.24068454,2750,1459535663,,,,,,,,,,,,,,,,,,,,,
20160401_AEA2159_LEBL_LEMD,2.038983103,41.23667045,2920,1459535668,,,,,,,,,,,,,,,,,,,,,
20160401_AEA2159_LEBL_LEMD,2.034962907,41.23301103,3050,1459535673,,,,,,,,,,,,,,,,,,,,,
20160401_AEA2159_LEBL_LEMD,2.032404366,41.2283476,3260,1459535678,,,,,,,,,,,,,,,,,,,,,
20160401_AEA2159_LEBL_LEMD,2.031109972,41.2226736,3580,1459535683,,,,,,,,,,,,,,,,,,,,,
20160401_AEA2159_LEBL_LEMD,2.029188944,41.21706551,3850,1459535688,,,,,,,,,,,,,,,,,,,,,
20160401_AEA2159_LEBL_LEMD,2.027196457,41.211979,4100,1459535693,,,,,,,,,,,,,,,,,,,,,
20160401_AEA2159_LEBL_LEMD,2.025507153,41.20740621,4360,1459535698,,,,,,,,,,,,,,,,,,,,,
20160401_AEA2159_LEBL_LEMD,2.022725324,41.20245862,4640,1459535703,,,,,,,,,,,,,,,,,,,,,
20160401_AEA2159_LEBL_LEMD,2.018111401,41.19740904,4800,1459535708,,,,,,,,,,,,,,,,,,,,,
20160401_AEA2159_LEBL_LEMD,2.012923377,41.19308106,4950,1459535713,,,,,,,,,,,,,,,,,,,,,
20160401_AEA2159_LEBL_LEMD,2.007225317,41.18986587,5040,1459535718,,,,,,,,,,,,,,,,,,,,,
20160401_AEA2159_LEBL_LEMD,1.999779126,41.18737428,5140,1459535723,,,,,,,,,,,,,,,,,,,,,
20160401_AEA2159_LEBL_LEMD,1.99111247,41.1856576,5250,1459535728,,,,,,,,,,,,,,,,,,,,,
20160401_AEA2159_LEBL_LEMD,1.982768,41.18527214,5350,1459535733,,,,,,,,,,,,,,,,,,,,,
20160401_AEA2159_LEBL_LEMD,1.975010195,41.1852241,5520,1459535738,,,,,,,,,,,,,,,,,,,,,
20160401_AEA2159_LEBL_LEMD,1.966476781,41.1849357,5740,1459535743,,,,,,,,,,,,,,,,,,,,,
20160401_AEA2159_LEBL_LEMD,1.956963976,41.18433012,5900,1459535748,,,,,,,,,,,,,,,,,,,,,
20160401_AEA2159_LEBL_LEMD,1.948065438,41.18336665,6100,1459535753,,,,,,,,,,,,,,,,,,,,,
20160401_AEA2159_LEBL_LEMD,1.940264486,41.18138109,6400,1459535758,,,,,,,,,,,,,,,,,,,,,
20160401_AEA2159_LEBL_LEMD,1.931898936,41.1787203,6780,1459535763,,,,,,,,,,,,,,,,,,,,,
20160401_AEA2159_LEBL_LEMD,1.922416409,41.17656512,7000,1459535768,,,,,,,,,,,,,,,,,,,,,
20160401_AEA2159_LEBL_LEMD,1.913834393,41.17423263,7250,1459535773,,,,,,,,,,,,,,,,,,,,,
20160401_AEA2159_LEBL_LEMD,1.906231308,41.17197529,7560,1459535778,,,,,,,,,,,,,,,,,,,,,
20160401_AEA2159_LEBL_LEMD,1.898001115,41.16944049,7920,1459535783,,,,,,,,,,,,,,,,,,,,,
20160401_AEA2159_LEBL_LEMD,1.888885902,41.16675361,8200,1459535788,,,,,,,,,,,,,,,,,,,,,
20160401_AEA2159_LEBL_LEMD,1.880361389,41.16426864,8450,1459535793,,,,,,,,,,,,,,,,,,,,,
20160401_AEA2159_LEBL_LEMD,1.872674317,41.1620761,8760,1459535798,,,,,,,,,,,,,,,,,,,,,
20160401_AEA2159_LEBL_LEMD,1.863435404,41.15948112,9100,1459535803,,,,,,,,,,,,,,,,,,,,,
20160401_AEA2159_LEBL_LEMD,1.854144292,41.15689575,9380,1459535808,,,,,,,,,,,,,,,,,,,,,
20160401_AEA2159_LEBL_LEMD,1.846423894,41.15476464,9650,1459535813,,,,,,,,,,,,,,,,,,,,,
20160401_AEA2159_LEBL_LEMD,1.838713118,41.1526531,9920,1459535818,,,,,,,,,,,,,,,,,,,,,
20160401_AEA2159_LEBL_LEMD,1.830272318,41.1503879,10180,1459535823,,,,,,,,,,,,,,,,,,,,,
20160401_AEA2159_LEBL_LEMD,1.820972909,41.14789812,10400,1459535828,,,,,,,,,,,,,,,,,,,,,
20160401_AEA2159_LEBL_LEMD,1.812342894,41.14557464,10600,1459535833,,,,,,,,,,,,,,,,,,,,,
20160401_AEA2159_LEBL_LEMD,1.8041883,41.14339132,10740,1459535838,,,,,,,,,,,,,,,,,,,,,
20160401_AEA2159_LEBL_LEMD,1.794915707,41.14094231,10800,1459535843,,,,,,,,,,,,,,,,,,,,,
20160401_AEA2159_LEBL_LEMD,1.784791897,41.13834364,10850,1459535848,,,,,,,,,,,,,,,,,,,,,
20160401_AEA2159_LEBL_LEMD,1.775238382,41.13599417,10950,1459535853,,,,,,,,,,,,,,,,,,,,,
20160401_AEA2159_LEBL_LEMD,1.7664757,41.13383733,11040,1459535858,,,,,,,,,,,,,,,,,,,,,
20160401_AEA2159_LEBL_LEMD,1.756733489,41.13132993,11140,1459535863,,,,,,,,,,,,,,,,,,,,,
20160401_AEA2159_LEBL_LEMD,1.746555274,41.12864836,11240,1459535868,,,,,,,,,,,,,,,,,,,,,
20160401_AEA2159_LEBL_LEMD,1.735839676,41.12591996,11340,1459535873,,,,,,,,,,,,,,,,,,,,,
20160401_AEA2159_LEBL_LEMD,1.725129282,41.12326195,11440,1459535878,,,,,,,,,,,,,,,,,,,,,
20160401_AEA2159_LEBL_LEMD,1.714565678,41.12060035,11580,1459535883,,,,,,,,,,,,,,,,,,,,,
20160401_AEA2159_LEBL_LEMD,1.702825362,41.11763219,11800,1459535888,,,,,,,,,,,,,,,,,,,,,
20160401_AEA2159_LEBL_LEMD,1.691877345,41.11491622,12050,1459535893,,,,,,,,,,,,,,,,,,,,,
20160401_AEA2159_LEBL_LEMD,1.682037078,41.11247436,12280,1459535898,,,,,,,,,,,,,,,,,,,,,
20160401_AEA2159_LEBL_LEMD,1.671318083,41.10984736,12520,1459535903,,,,,,,,,,,,,,,,,,,,,
20160401_AEA2159_LEBL_LEMD,1.659568364,41.10696618,12800,1459535908,,,,,,,,,,,,,,,,,,,,,
20160401_AEA2159_LEBL_LEMD,1.647819242,41.10400284,13020,1459535913,,,,,,,,,,,,,,,,,,,,,
20160401_AEA2159_LEBL_LEMD,1.637050239,41.10128924,13220,1459535918,,,,,,,,,,,,,,,,,,,,,
20160401_AEA2159_LEBL_LEMD,1.626255637,41.09854824,13420,1459535923,,,,,,,,,,,,,,,,,,,,,
20160401_AEA2159_LEBL_LEMD,1.615227828,41.09576206,13680,1459535928,,,,,,,,,,,,,,,,,,,,,
20160401_AEA2159_LEBL_LEMD,1.604205631,41.09294545,13920,1459535933,,,,,,,,,,,,,,,,,,,,,
20160401_AEA2159_LEBL_LEMD,1.593220032,41.09015245,14120,1459535938,,,,,,,,,,,,,,,,,,,,,
20160401_AEA2159_LEBL_LEMD,1.582116025,41.08732666,14320,1459535943,,,,,,,,,,,,,,,,,,,,,
20160401_AEA2159_LEBL_LEMD,1.570797019,41.08444467,14520,1459535948,,,,,,,,,,,,,,,,,,,,,
20160401_AEA2159_LEBL_LEMD,1.559562626,41.08156966,14720,1459535953,,,,,,,,,,,,,,,,,,,,,
20160401_AEA2159_LEBL_LEMD,1.548487629,41.07872965,14980,1459535958,,,,,,,,,,,,,,,,,,,,,
20160401_AEA2159_LEBL_LEMD,1.537378426,41.07589166,15220,1459535963,,,,,,,,,,,,,,,,,,,,,
20160401_AEA2159_LEBL_LEMD,1.527162327,41.07326924,15400,1459535968,,,,,,,,,,,,,,,,,,,,,
20160401_AEA2159_LEBL_LEMD,1.515821847,41.0703452,15600,1459535973,,,,,,,,,,,,,,,,,,,,,
20160401_AEA2159_LEBL_LEMD,1.503528824,41.06718386,15820,1459535978,,,,,,,,,,,,,,,,,,,,,
20160401_AEA2159_LEBL_LEMD,1.492318022,41.06429686,16020,1459535983,,,,,,,,,,,,,,,,,,,,,
20160401_AEA2159_LEBL_LEMD,1.481064222,41.06140446,16220,1459535988,,,,,,,,,,,,,,,,,,,,,
20160401_AEA2159_LEBL_LEMD,1.469529211,41.05847808,16480,1459535993,,,,,,,,,,,,,,,,,,,,,
20160401_AEA2159_LEBL_LEMD,1.458030621,41.05557347,16720,1459535998,,,,,,,,,,,,,,,,,,,,,
20160401_AEA2159_LEBL_LEMD,1.446700622,41.05270107,16980,1459536003,,,,,,,,,,,,,,,,,,,,,
20160401_AEA2159_LEBL_LEMD,1.43533582,41.04981707,17160,1459536008,,,,,,,,,,,,,,,,,,,,,
20160401_AEA2159_LEBL_LEMD,1.423805007,41.04683628,17380,1459536013,,,,,,,,,,,,,,,,,,,,,
20160401_AEA2159_LEBL_LEMD,1.412385621,41.04388506,17560,1459536018,,,,,,,,,,,,,,,,,,,,,
20160401_AEA2159_LEBL_LEMD,1.40104642,41.04099127,17780,1459536023,,,,,,,,,,,,,,,,,,,,,
20160401_AEA2159_LEBL_LEMD,1.389646019,41.03809627,18020,1459536028,,,,,,,,,,,,,,,,,,,,,
20160401_AEA2159_LEBL_LEMD,1.378070803,41.03509088,18220,1459536033,,,,,,,,,,,,,,,,,,,,,
20160401_AEA2159_LEBL_LEMD,1.366417808,41.03205148,18420,1459536038,,,,,,,,,,,,,,,,,,,,,
20160401_AEA2159_LEBL_LEMD,1.354902213,41.02905647,18560,1459536043,,,,,,,,,,,,,,,,,,,,,
20160401_AEA2159_LEBL_LEMD,1.343440414,41.02608247,18780,1459536048,,,,,,,,,,,,,,,,,,,,,
20160401_AEA2159_LEBL_LEMD,1.331684801,41.0230641,19020,1459536053,,,,,,,,,,,,,,,,,,,,,
20160401_AEA2159_LEBL_LEMD,1.319956609,41.02003308,19220,1459536058,,,,,,,,,,,,,,,,,,,,,
20160401_AEA2159_LEBL_LEMD,1.308370807,41.01699268,19360,1459536063,,,,,,,,,,,,,,,,,,,,,
20160401_AEA2159_LEBL_LEMD,1.296746209,41.01396908,19580,1459536068,,,,,,,,,,,,,,,,,,,,,
20160401_AEA2159_LEBL_LEMD,1.284884596,41.0109029,19760,1459536073,,,,,,,,,,,,,,,,,,,,,
20160401_AEA2159_LEBL_LEMD,1.273054808,41.00785568,19920,1459536078,,,,,,,,,,,,,,,,,,,,,
20160401_AEA2159_LEBL_LEMD,1.261367408,41.00484728,20120,1459536083,,,,,,,,,,,,,,,,,,,,,
20160401_AEA2159_LEBL_LEMD,1.249632405,41.00182829,20320,1459536088,,,,,,,,,,,,,,,,,,,,,
20160401_AEA2159_LEBL_LEMD,1.237643394,40.99875051,20520,1459536093,,,,,,,,,,,,,,,,,,,,,
20160401_AEA2159_LEBL_LEMD,1.225699802,40.99566749,20720,1459536098,,,,,,,,,,,,,,,,,,,,,
20160401_AEA2159_LEBL_LEMD,1.213880401,40.99259549,20920,1459536103,,,,,,,,,,,,,,,,,,,,,
20160401_AEA2159_LEBL_LEMD,1.202035004,40.98954449,21120,1459536108,,,,,,,,,,,,,,,,,,,,,
20160401_AEA2159_LEBL_LEMD,1.189962592,40.98646111,21320,1459536113,,,,,,,,,,,,,,,,,,,,,
20160401_AEA2159_LEBL_LEMD,1.177961797,40.98333329,21520,1459536118,,,,,,,,,,,,,,,,,,,,,
20160401_AEA2159_LEBL_LEMD,1.166076,40.98023669,21660,1459536123,,,,,,,,,,,,,,,,,,,,,
20160401_AEA2159_LEBL_LEMD,1.1541742,40.97715669,21820,1459536128,,,,,,,,,,,,,,,,,,,,,
20160401_AEA2159_LEBL_LEMD,1.141996584,40.97399932,21960,1459536133,,,,,,,,,,,,,,,,,,,,,
20160401_AEA2159_LEBL_LEMD,1.129767192,40.97083151,22060,1459536138,,,,,,,,,,,,,,,,,,,,,
20160401_AEA2159_LEBL_LEMD,1.117548185,40.96764951,22220,1459536143,,,,,,,,,,,,,,,,,,,,,
20160401_AEA2159_LEBL_LEMD,1.105330591,40.96448051,22420,1459536148,,,,,,,,,,,,,,,,,,,,,
20160401_AEA2159_LEBL_LEMD,1.092937979,40.96128413,22560,1459536153,,,,,,,,,,,,,,,,,,,,,
20160401_AEA2159_LEBL_LEMD,1.080655203,40.9582063,22720,1459536158,,,,,,,,,,,,,,,,,,,,,
20160401_AEA2159_LEBL_LEMD,1.06796154,40.95651535,22920,1459536163,,,,,,,,,,,,,,,,,,,,,
20160401_AEA2159_LEBL_LEMD,1.054931186,40.95605955,23120,1459536168,,,,,,,,,,,,,,,,,,,,,
20160401_AEA2159_LEBL_LEMD,1.04175982,40.95614577,23260,1459536173,,,,,,,,,,,,,,,,,,,,,
20160401_AEA2159_LEBL_LEMD,1.02875831,40.95548574,23420,1459536178,,,,,,,,,,,,,,,,,,,,,
20160401_AEA2159_LEBL_LEMD,1.015901783,40.95482974,23560,1459536183,,,,,,,,,,,,,,,,,,,,,
20160401_AEA2159_LEBL_LEMD,1.003015382,40.95457934,23720,1459536188,,,,,,,,,,,,,,,,,,,,,
20160401_AEA2159_LEBL_LEMD,0.989879171,40.95423957,23860,1459536193,,,,,,,,,,,,,,,,,,,,,
20160401_AEA2159_LEBL_LEMD,0.976774768,40.95380815,24020,1459536198,,,,,,,,,,,,,,,,,,,,,
20160401_AEA2159_LEBL_LEMD,0.963842964,40.95331875,24220,1459536203,,,,,,,,,,,,,,,,,,,,,
20160401_AEA2159_LEBL_LEMD,0.951162962,40.95277773,24360,1459536208,,,,,,,,,,,,,,,,,,,,,
20160401_AEA2159_LEBL_LEMD,0.938091161,40.95223297,24460,1459536213,,,,,,,,,,,,,,,,,,,,,
20160401_AEA2159_LEBL_LEMD,0.924791351,40.95160956,24620,1459536218,,,,,,,,,,,,,,,,,,,,,
20160401_AEA2159_LEBL_LEMD,0.911434561,40.95101358,24700,1459536223,,,,,,,,,,,,,,,,,,,,,
20160401_AEA2159_LEBL_LEMD,0.898099362,40.95048456,24760,1459536228,,,,,,,,,,,,,,,,,,,,,
20160401_AEA2159_LEBL_LEMD,0.884462348,40.9498614,24800,1459536233,,,,,,,,,,,,,,,,,,,,,
20160401_AEA2159_LEBL_LEMD,0.870795149,40.94916898,24860,1459536238,,,,,,,,,,,,,,,,,,,,,
20160401_AEA2159_LEBL_LEMD,0.85730415,40.94848578,25020,1459536243,,,,,,,,,,,,,,,,,,,,,
20160401_AEA2159_LEBL_LEMD,0.843804156,40.94785838,25220,1459536248,,,,,,,,,,,,,,,,,,,,,
20160401_AEA2159_LEBL_LEMD,0.830049149,40.9472202,25420,1459536253,,,,,,,,,,,,,,,,,,,,,
20160401_AEA2159_LEBL_LEMD,0.816386951,40.94655498,25620,1459536258,,,,,,,,,,,,,,,,,,,,,
20160401_AEA2159_LEBL_LEMD,0.802932152,40.94589817,25820,1459536263,,,,,,,,,,,,,,,,,,,,,
20160401_AEA2159_LEBL_LEMD,0.789490355,40.94526658,25960,1459536268,,,,,,,,,,,,,,,,,,,,,
20160401_AEA2159_LEBL_LEMD,0.77584195,40.94461619,26120,1459536273,,,,,,,,,,,,,,,,,,,,,
20160401_AEA2159_LEBL_LEMD,0.762273751,40.94394717,26260,1459536278,,,,,,,,,,,,,,,,,,,,,
20160401_AEA2159_LEBL_LEMD,0.748846152,40.94328677,26360,1459536283,,,,,,,,,,,,,,,,,,,,,
20160401_AEA2159_LEBL_LEMD,0.735391754,40.94264878,26460,1459536288,,,,,,,,,,,,,,,,,,,,,
20160401_AEA2159_LEBL_LEMD,0.721643153,40.94203,26620,1459536293,,,,,,,,,,,,,,,,,,,,,
20160401_AEA2159_LEBL_LEMD,0.707960953,40.94139978,26760,1459536298,,,,,,,,,,,,,,,,,,,,,
20160401_AEA2159_LEBL_LEMD,0.694432755,40.94077498,26860,1459536303,,,,,,,,,,,,,,,,,,,,,
20160401_AEA2159_LEBL_LEMD,0.680882555,40.94016098,26960,1459536308,,,,,,,,,,,,,,,,,,,,,
20160401_AEA2159_LEBL_LEMD,0.666782353,40.93956023,27120,1459536313,,,,,,,,,,,,,,,,,,,,,
20160401_AEA2159_LEBL_LEMD,0.652756956,40.93897119,27260,1459536318,,,,,,,,,,,,,,,,,,,,,
20160401_AEA2159_LEBL_LEMD,0.639062155,40.93837459,27360,1459536323,,,,,,,,,,,,,,,,,,,,,
20160401_AEA2159_LEBL_LEMD,0.625353959,40.93780159,27460,1459536328,,,,,,,,,,,,,,,,,,,,,
20160401_AEA2159_LEBL_LEMD,0.611329155,40.93723242,27560,1459536333,,,,,,,,,,,,,,,,,,,,,
20160401_AEA2159_LEBL_LEMD,0.597375158,40.93666439,27720,1459536338,,,,,,,,,,,,,,,,,,,,,
20160401_AEA2159_LEBL_LEMD,0.583556964,40.9361542,27860,1459536343,,,,,,,,,,,,,,,,,,,,,
20160401_AEA2159_LEBL_LEMD,0.569764761,40.93565439,28020,1459536348,,,,,,,,,,,,,,,,,,,,,
20160401_AEA2159_LEBL_LEMD,0.555718557,40.93511842,28220,1459536353,,,,,,,,,,,,,,,,,,,,,
20160401_AEA2159_LEBL_LEMD,0.54176936,40.93457799,28420,1459536358,,,,,,,,,,,,,,,,,,,,,
20160401_AEA2159_LEBL_LEMD,0.52805356,40.93404399,28620,1459536363,,,,,,,,,,,,,,,,,,,,,
20160401_AEA2159_LEBL_LEMD,0.514417358,40.93349198,28760,1459536368,,,,,,,,,,,,,,,,,,,,,
20160401_AEA2159_LEBL_LEMD,0.500657955,40.9329112,28860,1459536373,,,,,,,,,,,,,,,,,,,,,
20160401_AEA2159_LEBL_LEMD,0.487229159,40.93232696,28960,1459536378,,,,,,,,,,,,,,,,,,,,,
20160401_AEA2159_LEBL_LEMD,0.473905759,40.93176117,29000,1459536383,,,,,,,,,,,,,,,,,,,,,
20160401_AEA2159_LEBL_LEMD,0.460512756,40.93117657,29000,1459536388,,,,,,,,,,,,,,,,,,,,,
20160401_AEA2159_LEBL_LEMD,0.446891754,40.93056939,29000,1459536393,,,,,,,,,,,,,,,,,,,,,
20160401_AEA2159_LEBL_LEMD,0.433279558,40.92997978,29000,1459536398,,,,,,,,,,,,,,,,,,,,,
20160401_AEA2159_LEBL_LEMD,0.419750361,40.92943078,29000,1459536403,,,,,,,,,,,,,,,,,,,,,
20160401_AEA2159_LEBL_LEMD,0.406221358,40.92887278,29000,1459536408,,,,,,,,,,,,,,,,,,,,,
20160401_AEA2159_LEBL_LEMD,0.392486554,40.9282812,29000,1459536413,,,,,,,,,,,,,,,,,,,,,
20160401_AEA2159_LEBL_LEMD,0.378853355,40.92767138,29000,1459536418,,,,,,,,,,,,,,,,,,,,,
20160401_AEA2159_LEBL_LEMD,0.365360359,40.92709358,29000,1459536423,,,,,,,,,,,,,,,,,,,,,
20160401_AEA2159_LEBL_LEMD,0.351889556,40.92651297,29000,1459536428,,,,,,,,,,,,,,,,,,,,,
20160401_AEA2159_LEBL_LEMD,0.338103552,40.92589841,29000,1459536433,,,,,,,,,,,,,,,,,,,,,
20160401_AEA2159_LEBL_LEMD,0.324326556,40.92529318,29000,1459536438,,,,,,,,,,,,,,,,,,,,,
20160401_AEA2159_LEBL_LEMD,0.310760355,40.92469278,29000,1459536443,,,,,,,,,,,,,,,,,,,,,
20160401_AEA2159_LEBL_LEMD,0.297150155,40.92408439,29000,1459536448,,,,,,,,,,,,,,,,,,,,,
20160401_AEA2159_LEBL_LEMD,0.283210554,40.92347861,29000,1459536453,,,,,,,,,,,,,,,,,,,,,
20160401_AEA2159_LEBL_LEMD,0.269311554,40.92286899,29000,1459536458,,,,,,,,,,,,,,,,,,,,,
20160401_AEA2159_LEBL_LEMD,0.255878157,40.92226816,29000,1459536463,,,,,,,,,,,,,,,,,,,,,
20160401_AEA2159_LEBL_LEMD,0.242365953,40.92165159,29000,1459536468,,,,,,,,,,,,,,,,,,,,,
20160401_AEA2159_LEBL_LEMD,0.228397553,40.92103241,29000,1459536473,,,,,,,,,,,,,,,,,,,,,
20160401_AEA2159_LEBL_LEMD,0.214503754,40.92041759,29000,1459536478,,,,,,,,,,,,,,,,,,,,,
20160401_AEA2159_LEBL_LEMD,0.200842754,40.91979718,29000,1459536483,,,,,,,,,,,,,,,,,,,,,
20160401_AEA2159_LEBL_LEMD,0.187186156,40.91919379,29000,1459536488,,,,,,,,,,,,,,,,,,,,,
20160401_AEA2159_LEBL_LEMD,0.173253553,40.91858901,29000,1459536493,,,,,,,,,,,,,,,,,,,,,
20160401_AEA2159_LEBL_LEMD,0.159364557,40.91799779,29000,1459536498,,,,,,,,,,,,,,,,,,,,,
20160401_AEA2159_LEBL_LEMD,0.145655754,40.91740079,29000,1459536503,,,,,,,,,,,,,,,,,,,,,
20160401_AEA2159_LEBL_LEMD,0.131974353,40.91677899,29000,1459536508,,,,,,,,,,,,,,,,,,,,,
20160401_AEA2159_LEBL_LEMD,0.11802995,40.91613381,29000,1459536513,,,,,,,,,,,,,,,,,,,,,
20160401_AEA2159_LEBL_LEMD,0.104160753,40.91549099,29000,1459536518,,,,,,,,,,,,,,,,,,,,,
20160401_AEA2159_LEBL_LEMD,0.090471951,40.91484619,29000,1459536523,,,,,,,,,,,,,,,,,,,,,
20160401_AEA2159_LEBL_LEMD,0.076831553,40.91420558,29000,1459536528,,,,,,,,,,,,,,,,,,,,,
20160401_AEA2159_LEBL_LEMD,0.062954747,40.91353601,29000,1459536533,,,,,,,,,,,,,,,,,,,,,
20160401_AEA2159_LEBL_LEMD,0.049166151,40.91286418,29000,1459536538,,,,,,,,,,,,,,,,,,,,,
20160401_AEA2159_LEBL_LEMD,0.035553153,40.91221918,29000,1459536543,,,,,,,,,,,,,,,,,,,,,
20160401_AEA2159_LEBL_LEMD,0.021953951,40.91156838,29000,1459536548,,,,,,,,,,,,,,,,,,,,,
20160401_AEA2159_LEBL_LEMD,0.008126348,40.91089521,29000,1459536553,,,,,,,,,,,,,,,,,,,,,
20160401_AEA2159_LEBL_LEMD,-0.005595647,40.91023778,29000,1459536558,,,,,,,,,,,,,,,,,,,,,
20160401_AEA2159_LEBL_LEMD,-0.019142245,40.90961298,29000,1459536563,,,,,,,,,,,,,,,,,,,,,
20160401_AEA2159_LEBL_LEMD,-0.032596246,40.90898937,29000,1459536568,,,,,,,,,,,,,,,,,,,,,
20160401_AEA2159_LEBL_LEMD,-0.046173047,40.90835759,29000,1459536573,,,,,,,,,,,,,,,,,,,,,
20160401_AEA2159_LEBL_LEMD,-0.059754244,40.90774498,29000,1459536578,,,,,,,,,,,,,,,,,,,,,
20160401_AEA2159_LEBL_LEMD,-0.073203447,40.90711657,29000,1459536583,,,,,,,,,,,,,,,,,,,,,
20160401_AEA2159_LEBL_LEMD,-0.086629448,40.90646557,29000,1459536588,,,,,,,,,,,,,,,,,,,,,
20160401_AEA2159_LEBL_LEMD,-0.10032745,40.9058084,29000,1459536593,,,,,,,,,,,,,,,,,,,,,
20160401_AEA2159_LEBL_LEMD,-0.113951844,40.90518078,29000,1459536598,,,,,,,,,,,,,,,,,,,,,
20160401_AEA2159_LEBL_LEMD,-0.127395447,40.90455377,29000,1459536603,,,,,,,,,,,,,,,,,,,,,
20160401_AEA2159_LEBL_LEMD,-0.140843244,40.90393318,29000,1459536608,,,,,,,,,,,,,,,,,,,,,
20160401_AEA2159_LEBL_LEMD,-0.154549849,40.9033016,29000,1459536613,,,,,,,,,,,,,,,,,,,,,
20160401_AEA2159_LEBL_LEMD,-0.168760784,40.90265607,29000,1459536618,,,,,,,,,,,,,,,,,,,,,
20160401_AEA2159_LEBL_LEMD,-0.182352854,40.90199309,29000,1459536623,,,,,,,,,,,,,,,,,,,,,
20160401_AEA2159_LEBL_LEMD,-0.195714651,40.90134989,29000,1459536628,,,,,,,,,,,,,,,,,,,,,
20160401_AEA2159_LEBL_LEMD,-0.20907005,40.90072809,29000,1459536633,,,,,,,,,,,,,,,,,,,,,
20160401_AEA2159_LEBL_LEMD,-0.222764259,40.90004052,29000,1459536638,,,,,,,,,,,,,,,,,,,,,
20160401_AEA2159_LEBL_LEMD,-0.236208857,40.89933469,29000,1459536643,,,,,,,,,,,,,,,,,,,,,
20160401_AEA2159_LEBL_LEMD,-0.249290011,40.89705107,29000,1459536648,,,,,,,,,,,,,,,,,,,,,
20160401_AEA2159_LEBL_LEMD,-0.262341798,40.89450747,29000,1459536653,,,,,,,,,,,,,,,,,,,,,
20160401_AEA2159_LEBL_LEMD,-0.27607657,40.89238793,29000,1459536658,,,,,,,,,,,,,,,,,,,,,
20160401_AEA2159_LEBL_LEMD,-0.28968277,40.89032351,29000,1459536663,,,,,,,,,,,,,,,,,,,,,
20160401_AEA2159_LEBL_LEMD,-0.303069207,40.88785489,29000,1459536668,,,,,,,,,,,,,,,,,,,,,
20160401_AEA2159_LEBL_LEMD,-0.316412022,40.88513749,29000,1459536673,,,,,,,,,,,,,,,,,,,,,
20160401_AEA2159_LEBL_LEMD,-0.330093839,40.88229212,29000,1459536678,,,,,,,,,,,,,,,,,,,,,
20160401_AEA2159_LEBL_LEMD,-0.343572025,40.8794993,29000,1459536683,,,,,,,,,,,,,,,,,,,,,
20160401_AEA2159_LEBL_LEMD,-0.356838824,40.87670768,29000,1459536688,,,,,,,,,,,,,,,,,,,,,
20160401_AEA2159_LEBL_LEMD,-0.370099619,40.87396689,29000,1459536693,,,,,,,,,,,,,,,,,,,,,
20160401_AEA2159_LEBL_LEMD,-0.383692437,40.87112952,29000,1459536698,,,,,,,,,,,,,,,,,,,,,
20160401_AEA2159_LEBL_LEMD,-0.397040819,40.86837169,29000,1459536703,,,,,,,,,,,,,,,,,,,,,
20160401_AEA2159_LEBL_LEMD,-0.410254218,40.86563428,29000,1459536708,,,,,,,,,,,,,,,,,,,,,
20160401_AEA2159_LEBL_LEMD,-0.423503816,40.86292569,29000,1459536713,,,,,,,,,,,,,,,,,,,,,
20160401_AEA2159_LEBL_LEMD,-0.437053832,40.86012711,29000,1459536718,,,,,,,,,,,,,,,,,,,,,
20160401_AEA2159_LEBL_LEMD,-0.450332614,40.85741128,29000,1459536723,,,,,,,,,,,,,,,,,,,,,
20160401_AEA2159_LEBL_LEMD,-0.463527217,40.85469108,29000,1459536728,,,,,,,,,,,,,,,,,,,,,
20160401_AEA2159_LEBL_LEMD,-0.476720616,40.85197588,29000,1459536733,,,,,,,,,,,,,,,,,,,,,
20160401_AEA2159_LEBL_LEMD,-0.490233629,40.84919671,29000,1459536738,,,,,,,,,,,,,,,,,,,,,
20160401_AEA2159_LEBL_LEMD,-0.503488217,40.84645188,29000,1459536743,,,,,,,,,,,,,,,,,,,,,
20160401_AEA2159_LEBL_LEMD,-0.516672615,40.84374468,29000,1459536748,,,,,,,,,,,,,,,,,,,,,
20160401_AEA2159_LEBL_LEMD,-0.529859815,40.84104448,29000,1459536753,,,,,,,,,,,,,,,,,,,,,
20160401_AEA2159_LEBL_LEMD,-0.543385229,40.83827651,29000,1459536758,,,,,,,,,,,,,,,,,,,,,
20160401_AEA2159_LEBL_LEMD,-0.556673617,40.83554348,29000,1459536763,,,,,,,,,,,,,,,,,,,,,
20160401_AEA2159_LEBL_LEMD,-0.569846416,40.83282028,29000,1459536768,,,,,,,,,,,,,,,,,,,,,
20160401_AEA2159_LEBL_LEMD,-0.583043215,40.83011228,29000,1459536773,,,,,,,,,,,,,,,,,,,,,
20160401_AEA2159_LEBL_LEMD,-0.596604231,40.82732511,29000,1459536778,,,,,,,,,,,,,,,,,,,,,
20160401_AEA2159_LEBL_LEMD,-0.609525405,40.82463305,29000,1459536783,,,,,,,,,,,,,,,,,,,,,
20160401_AEA2159_LEBL_LEMD,-0.622653218,40.82191888,29000,1459536788,,,,,,,,,,,,,,,,,,,,,
20160401_AEA2159_LEBL_LEMD,-0.636199032,40.81911191,29000,1459536793,,,,,,,,,,,,,,,,,,,,,
20160401_AEA2159_LEBL_LEMD,-0.649521819,40.81634968,29000,1459536798,,,,,,,,,,,,,,,,,,,,,
20160401_AEA2159_LEBL_LEMD,-0.662748818,40.81361488,29000,1459536803,,,,,,,,,,,,,,,,,,,,,
20160401_AEA2159_LEBL_LEMD,-0.675987618,40.81088368,29000,1459536808,,,,,,,,,,,,,,,,,,,,,
20160401_AEA2159_LEBL_LEMD,-0.689569835,40.80805752,29000,1459536813,,,,,,,,,,,,,,,,,,,,,
20160401_AEA2159_LEBL_LEMD,-0.702896018,40.80529948,29000,1459536818,,,,,,,,,,,,,,,,,,,,,
20160401_AEA2159_LEBL_LEMD,-0.71610342,40.80253728,29000,1459536823,,,,,,,,,,,,,,,,,,,,,
20160401_AEA2159_LEBL_LEMD,-0.729368819,40.79979229,29000,1459536828,,,,,,,,,,,,,,,,,,,,,
20160401_AEA2159_LEBL_LEMD,-0.742937233,40.79697411,29000,1459536833,,,,,,,,,,,,,,,,,,,,,
20160401_AEA2159_LEBL_LEMD,-0.756239621,40.79418488,29000,1459536838,,,,,,,,,,,,,,,,,,,,,
20160401_AEA2159_LEBL_LEMD,-0.76945522,40.79141988,29000,1459536843,,,,,,,,,,,,,,,,,,,,,
20160401_AEA2159_LEBL_LEMD,-0.782705422,40.78864589,29000,1459536848,,,,,,,,,,,,,,,,,,,,,
20160401_AEA2159_LEBL_LEMD,-0.796266034,40.78581371,29000,1459536853,,,,,,,,,,,,,,,,,,,,,
20160401_AEA2159_LEBL_LEMD,-0.809565224,40.78299248,29000,1459536858,,,,,,,,,,,,,,,,,,,,,
20160401_AEA2159_LEBL_LEMD,-0.822795422,40.78020468,29000,1459536863,,,,,,,,,,,,,,,,,,,,,
20160401_AEA2159_LEBL_LEMD,-0.836011022,40.77742048,29000,1459536868,,,,,,,,,,,,,,,,,,,,,
20160401_AEA2159_LEBL_LEMD,-0.849255621,40.77464829,29000,1459536873,,,,,,,,,,,,,,,,,,,,,
20160401_AEA2159_LEBL_LEMD,-0.862827835,40.77181131,29000,1459536878,,,,,,,,,,,,,,,,,,,,,
20160401_AEA2159_LEBL_LEMD,-0.87612382,40.76902208,29000,1459536883,,,,,,,,,,,,,,,,,,,,,
20160401_AEA2159_LEBL_LEMD,-0.889400423,40.76623949,29000,1459536888,,,,,,,,,,,,,,,,,,,,,
20160401_AEA2159_LEBL_LEMD,-0.902659223,40.76344888,29000,1459536893,,,,,,,,,,,,,,,,,,,,,
20160401_AEA2159_LEBL_LEMD,-0.916245235,40.76060172,29000,1459536898,,,,,,,,,,,,,,,,,,,,,
20160401_AEA2159_LEBL_LEMD,-0.929560022,40.75779508,29000,1459536903,,,,,,,,,,,,,,,,,,,,,
20160401_AEA2159_LEBL_LEMD,-0.94280042,40.75502768,29000,1459536908,,,,,,,,,,,,,,,,,,,,,
20160401_AEA2159_LEBL_LEMD,-0.956045223,40.75223548,29000,1459536913,,,,,,,,,,,,,,,,,,,,,
20160401_AEA2159_LEBL_LEMD,-0.969609435,40.74938351,29000,1459536918,,,,,,,,,,,,,,,,,,,,,
20160401_AEA2159_LEBL_LEMD,-0.982898223,40.74656728,29000,1459536923,,,,,,,,,,,,,,,,,,,,,
20160401_AEA2159_LEBL_LEMD,-0.996095821,40.74377848,29000,1459536928,,,,,,,,,,,,,,,,,,,,,
20160401_AEA2159_LEBL_LEMD,-1.009309622,40.74099108,29000,1459536933,,,,,,,,,,,,,,,,,,,,,
20160401_AEA2159_LEBL_LEMD,-1.022794834,40.73813191,29000,1459536938,,,,,,,,,,,,,,,,,,,,,
20160401_AEA2159_LEBL_LEMD,-1.036026822,40.73530768,29000,1459536943,,,,,,,,,,,,,,,,,,,,,
20160401_AEA2159_LEBL_LEMD,-1.049176421,40.73251188,29000,1459536948,,,,,,,,,,,,,,,,,,,,,
20160401_AEA2159_LEBL_LEMD,-1.062254219,40.72972547,29000,1459536953,,,,,,,,,,,,,,,,,,,,,
20160401_AEA2159_LEBL_LEMD,-1.075544628,40.72689809,29000,1459536958,,,,,,,,,,,,,,,,,,,,,
20160401_AEA2159_LEBL_LEMD,-1.088499011,40.72414806,29000,1459536963,,,,,,,,,,,,,,,,,,,,,
20160401_AEA2159_LEBL_LEMD,-1.101391014,40.72139286,29000,1459536968,,,,,,,,,,,,,,,,,,,,,
20160401_AEA2159_LEBL_LEMD,-1.114308013,40.71864686,29000,1459536973,,,,,,,,,,,,,,,,,,,,,
20160401_AEA2159_LEBL_LEMD,-1.127600226,40.71584889,29000,1459536978,,,,,,,,,,,,,,,,,,,,,
20160401_AEA2159_LEBL_LEMD,-1.140632416,40.71306166,29000,1459536983,,,,,,,,,,,,,,,,,,,,,
20160401_AEA2159_LEBL_LEMD,-1.153642815,40.71031187,29000,1459536988,,,,,,,,,,,,,,,,,,,,,
20160401_AEA2159_LEBL_LEMD,-1.166617815,40.70755066,29000,1459536993,,,,,,,,,,,,,,,,,,,,,
20160401_AEA2159_LEBL_LEMD,-1.179898227,40.70473029,29000,1459536998,,,,,,,,,,,,,,,,,,,,,
20160401_AEA2159_LEBL_LEMD,-1.192955816,40.70194747,29000,1459537003,,,,,,,,,,,,,,,,,,,,,
20160401_AEA2159_LEBL_LEMD,-1.205903418,40.69915026,28920,1459537008,,,,,,,,,,,,,,,,,,,,,
20160401_AEA2159_LEBL_LEMD,-1.218804013,40.69638626,28820,1459537013,,,,,,,,,,,,,,,,,,,,,
20160401_AEA2159_LEBL_LEMD,-1.231978225,40.69357148,28720,1459537018,,,,,,,,,,,,,,,,,,,,,
20160401_AEA2159_LEBL_LEMD,-1.244832009,40.69081985,28620,1459537023,,,,,,,,,,,,,,,,,,,,,
20160401_AEA2159_LEBL_LEMD,-1.257320798,40.68814383,28600,1459537028,,,,,,,,,,,,,,,,,,,,,
20160401_AEA2159_LEBL_LEMD,-1.269743601,40.68545623,28520,1459537033,,,,,,,,,,,,,,,,,,,,,
20160401_AEA2159_LEBL_LEMD,-1.282376206,40.68275104,28500,1459537038,,,,,,,,,,,,,,,,,,,,,
20160401_AEA2159_LEBL_LEMD,-1.294777196,40.68008862,28420,1459537043,,,,,,,,,,,,,,,,,,,,,
20160401_AEA2159_LEBL_LEMD,-1.307107198,40.67742242,28320,1459537048,,,,,,,,,,,,,,,,,,,,,
20160401_AEA2159_LEBL_LEMD,-1.319062782,40.67484359,28220,1459537053,,,,,,,,,,,,,,,,,,,,,
20160401_AEA2159_LEBL_LEMD,-1.331616808,40.67215325,28120,1459537058,,,,,,,,,,,,,,,,,,,,,
20160401_AEA2159_LEBL_LEMD,-1.344003794,40.66950842,28020,1459537063,,,,,,,,,,,,,,,,,,,,,
20160401_AEA2159_LEBL_LEMD,-1.35623379,40.66690581,28000,1459537068,,,,,,,,,,,,,,,,,,,,,
20160401_AEA2159_LEBL_LEMD,-1.368551393,40.66429842,27920,1459537073,,,,,,,,,,,,,,,,,,,,,
20160401_AEA2159_LEBL_LEMD,-1.381251411,40.66157965,27820,1459537078,,,,,,,,,,,,,,,,,,,,,
20160401_AEA2159_LEBL_LEMD,-1.393717194,40.65894322,27720,1459537083,,,,,,,,,,,,,,,,,,,,,
20160401_AEA2159_LEBL_LEMD,-1.406101394,40.65633022,27620,1459537088,,,,,,,,,,,,,,,,,,,,,
20160401_AEA2159_LEBL_LEMD,-1.418540598,40.65368103,27520,1459537093,,,,,,,,,,,,,,,,,,,,,
20160401_AEA2159_LEBL_LEMD,-1.431276811,40.65094865,27420,1459537098,,,,,,,,,,,,,,,,,,,,,
20160401_AEA2159_LEBL_LEMD,-1.443834202,40.64824083,27320,1459537103,,,,,,,,,,,,,,,,,,,,,
20160401_AEA2159_LEBL_LEMD,-1.456257998,40.64556862,27220,1459537108,,,,,,,,,,,,,,,,,,,,,
20160401_AEA2159_LEBL_LEMD,-1.468699202,40.64287463,27040,1459537113,,,,,,,,,,,,,,,,,,,,,
20160401_AEA2159_LEBL_LEMD,-1.481432413,40.64011605,26920,1459537118,,,,,,,,,,,,,,,,,,,,,
20160401_AEA2159_LEBL_LEMD,-1.493934801,40.63740063,26740,1459537123,,,,,,,,,,,,,,,,,,,,,
20160401_AEA2159_LEBL_LEMD,-1.506272199,40.63470602,26620,1459537128,,,,,,,,,,,,,,,,,,,,,
20160401_AEA2159_LEBL_LEMD,-1.518640802,40.63198822,26440,1459537133,,,,,,,,,,,,,,,,,,,,,
20160401_AEA2159_LEBL_LEMD,-1.531234811,40.62921544,26320,1459537138,,,,,,,,,,,,,,,,,,,,,
20160401_AEA2159_LEBL_LEMD,-1.543596197,40.62651602,26140,1459537143,,,,,,,,,,,,,,,,,,,,,
20160401_AEA2159_LEBL_LEMD,-1.555741389,40.6238964,25940,1459537148,,,,,,,,,,,,,,,,,,,,,
20160401_AEA2159_LEBL_LEMD,-1.567745589,40.621273,25820,1459537153,,,,,,,,,,,,,,,,,,,,,
20160401_AEA2159_LEBL_LEMD,-1.580094802,40.61857703,25640,1459537158,,,,,,,,,,,,,,,,,,,,,
20160401_AEA2159_LEBL_LEMD,-1.592198388,40.6159472,25520,1459537163,,,,,,,,,,,,,,,,,,,,,
20160401_AEA2159_LEBL_LEMD,-1.60425179,40.613323,25340,1459537168,,,,,,,,,,,,,,,,,,,,,
20160401_AEA2159_LEBL_LEMD,-1.61634899,40.6106974,25140,1459537173,,,,,,,,,,,,,,,,,,,,,
20160401_AEA2159_LEBL_LEMD,-1.628683799,40.60802122,25020,1459537178,,,,,,,,,,,,,,,,,,,,,
20160401_AEA2159_LEBL_LEMD,-1.640794192,40.605353,24840,1459537183,,,,,,,,,,,,,,,,,,,,,
20160401_AEA2159_LEBL_LEMD,-1.652778186,40.6027396,24720,1459537188,,,,,,,,,,,,,,,,,,,,,
20160401_AEA2159_LEBL_LEMD,-1.664746586,40.6001466,24540,1459537193,,,,,,,,,,,,,,,,,,,,,
20160401_AEA2159_LEBL_LEMD,-1.677035402,40.59745002,24420,1459537198,,,,,,,,,,,,,,,,,,,,,
20160401_AEA2159_LEBL_LEMD,-1.689049188,40.59479339,24240,1459537203,,,,,,,,,,,,,,,,,,,,,
20160401_AEA2159_LEBL_LEMD,-1.700938187,40.59216299,24120,1459537208,,,,,,,,,,,,,,,,,,,,,
20160401_AEA2159_LEBL_LEMD,-1.712833386,40.58954939,23940,1459537213,,,,,,,,,,,,,,,,,,,,,
20160401_AEA2159_LEBL_LEMD,-1.724998796,40.58687941,23740,1459537218,,,,,,,,,,,,,,,,,,,,,
20160401_AEA2159_LEBL_LEMD,-1.736929187,40.58423679,23620,1459537223,,,,,,,,,,,,,,,,,,,,,
20160401_AEA2159_LEBL_LEMD,-1.748674579,40.58166878,23600,1459537228,,,,,,,,,,,,,,,,,,,,,
20160401_AEA2159_LEBL_LEMD,-1.760286175,40.57913757,23520,1459537233,,,,,,,,,,,,,,,,,,,,,
20160401_AEA2159_LEBL_LEMD,-1.772155188,40.57652679,23500,1459537238,,,,,,,,,,,,,,,,,,,,,
20160401_AEA2159_LEBL_LEMD,-1.783740775,40.57396196,23420,1459537243,,,,,,,,,,,,,,,,,,,,,
20160401_AEA2159_LEBL_LEMD,-1.795041768,40.57145955,23400,1459537248,,,,,,,,,,,,,,,,,,,,,
20160401_AEA2159_LEBL_LEMD,-1.806275367,40.56896855,23320,1459537253,,,,,,,,,,,,,,,,,,,,,
20160401_AEA2159_LEBL_LEMD,-1.817733976,40.56642877,23300,1459537258,,,,,,,,,,,,,,,,,,,,,
20160401_AEA2159_LEBL_LEMD,-1.82884196,40.56397113,23220,1459537263,,,,,,,,,,,,,,,,,,,,,
20160401_AEA2159_LEBL_LEMD,-1.839703152,40.56161072,23120,1459537268,,,,,,,,,,,,,,,,,,,,,
20160401_AEA2159_LEBL_LEMD,-1.85067136,40.55919513,23020,1459537273,,,,,,,,,,,,,,,,,,,,,
20160401_AEA2159_LEBL_LEMD,-1.861797762,40.55676114,22920,1459537278,,,,,,,,,,,,,,,,,,,,,
20160401_AEA2159_LEBL_LEMD,-1.872724356,40.55434633,22820,1459537283,,,,,,,,,,,,,,,,,,,,,
20160401_AEA2159_LEBL_LEMD,-1.883538952,40.55197472,22720,1459537288,,,,,,,,,,,,,,,,,,,,,
20160401_AEA2159_LEBL_LEMD,-1.894323153,40.54959832,22620,1459537293,,,,,,,,,,,,,,,,,,,,,
20160401_AEA2159_LEBL_LEMD,-1.905259957,40.54720873,22520,1459537298,,,,,,,,,,,,,,,,,,,,,
20160401_AEA2159_LEBL_LEMD,-1.915968746,40.54488711,22420,1459537303,,,,,,,,,,,,,,,,,,,,,
20160401_AEA2159_LEBL_LEMD,-1.926594748,40.54255591,22320,1459537308,,,,,,,,,,,,,,,,,,,,,
20160401_AEA2159_LEBL_LEMD,-1.93725115,40.54020191,22220,1459537313,,,,,,,,,,,,,,,,,,,,,
20160401_AEA2159_LEBL_LEMD,-1.948109755,40.53782633,22120,1459537318,,,,,,,,,,,,,,,,,,,,,
20160401_AEA2159_LEBL_LEMD,-1.958679945,40.5355007,22020,1459537323,,,,,,,,,,,,,,,,,,,,,
20160401_AEA2159_LEBL_LEMD,-1.969182744,40.5332015,21920,1459537328,,,,,,,,,,,,,,,,,,,,,
20160401_AEA2159_LEBL_LEMD,-1.979635341,40.5309295,21900,1459537333,,,,,,,,,,,,,,,,,,,,,
20160401_AEA2159_LEBL_LEMD,-1.990147147,40.52861151,21820,1459537338,,,,,,,,,,,,,,,,,,,,,
20160401_AEA2159_LEBL_LEMD,-2.000374736,40.52635088,21720,1459537343,,,,,,,,,,,,,,,,,,,,,
20160401_AEA2159_LEBL_LEMD,-2.010490735,40.52411668,21540,1459537348,,,,,,,,,,,,,,,,,,,,,
20160401_AEA2159_LEBL_LEMD,-2.02077374,40.52185429,21420,1459537353,,,,,,,,,,,,,,,,,,,,,
20160401_AEA2159_LEBL_LEMD,-2.031047138,40.51959069,21240,1459537358,,,,,,,,,,,,,,,,,,,,,
20160401_AEA2159_LEBL_LEMD,-2.041306337,40.51734389,21120,1459537363,,,,,,,,,,,,,,,,,,,,,
20160401_AEA2159_LEBL_LEMD,-2.05149734,40.51504649,21020,1459537368,,,,,,,,,,,,,,,,,,,,,
20160401_AEA2159_LEBL_LEMD,-2.061831374,40.5123347,20840,1459537373,,,,,,,,,,,,,,,,,,,,,
20160401_AEA2159_LEBL_LEMD,-2.071328648,40.50819304,20720,1459537378,,,,,,,,,,,,,,,,,,,,,
20160401_AEA2159_LEBL_LEMD,-2.080904235,40.50402946,20540,1459537383,,,,,,,,,,,,,,,,,,,,,
20160401_AEA2159_LEBL_LEMD,-2.091004644,40.50001069,20420,1459537388,,,,,,,,,,,,,,,,,,,,,
20160401_AEA2159_LEBL_LEMD,-2.100959269,40.49556387,20320,1459537393,,,,,,,,,,,,,,,,,,,,,
20160401_AEA2159_LEBL_LEMD,-2.110441248,40.49110904,20140,1459537398,,,,,,,,,,,,,,,,,,,,,
20160401_AEA2159_LEBL_LEMD,-2.119713242,40.48671684,20020,1459537403,,,,,,,,,,,,,,,,,,,,,
20160401_AEA2159_LEBL_LEMD,-2.128834236,40.48235783,19920,1459537408,,,,,,,,,,,,,,,,,,,,,
20160401_AEA2159_LEBL_LEMD,-2.137905034,40.47801443,19820,1459537413,,,,,,,,,,,,,,,,,,,,,
20160401_AEA2159_LEBL_LEMD,-2.146503004,40.4739142,19640,1459537418,,,,,,,,,,,,,,,,,,,,,
20160401_AEA2159_LEBL_LEMD,-2.155107209,40.46985341,19520,1459537423,,,,,,,,,,,,,,,,,,,,,
20160401_AEA2159_LEBL_LEMD,-2.163671006,40.4657962,19340,1459537428,,,,,,,,,,,,,,,,,,,,,
20160401_AEA2159_LEBL_LEMD,-2.17244822,40.46163722,19140,1459537433,,,,,,,,,,,,,,,,,,,,,
20160401_AEA2159_LEBL_LEMD,-2.180991997,40.4576754,18940,1459537438,,,,,,,,,,,,,,,,,,,,,
20160401_AEA2159_LEBL_LEMD,-2.189480599,40.453739,18740,1459537443,,,,,,,,,,,,,,,,,,,,,
20160401_AEA2159_LEBL_LEMD,-2.197991201,40.4497822,18540,1459537448,,,,,,,,,,,,,,,,,,,,,
20160401_AEA2159_LEBL_LEMD,-2.206738215,40.44570941,18420,1459537453,,,,,,,,,,,,,,,,,,,,,
20160401_AEA2159_LEBL_LEMD,-2.2153088,40.441734,18240,1459537458,,,,,,,,,,,,,,,,,,,,,
20160401_AEA2159_LEBL_LEMD,-2.223731195,40.43782919,18040,1459537463,,,,,,,,,,,,,,,,,,,,,
20160401_AEA2159_LEBL_LEMD,-2.232183197,40.433919,17840,1459537468,,,,,,,,,,,,,,,,,,,,,
20160401_AEA2159_LEBL_LEMD,-2.240916214,40.42986501,17720,1459537473,,,,,,,,,,,,,,,,,,,,,
20160401_AEA2159_LEBL_LEMD,-2.249447398,40.4259032,17620,1459537478,,,,,,,,,,,,,,,,,,,,,
20160401_AEA2159_LEBL_LEMD,-2.257998602,40.4219468,17520,1459537483,,,,,,,,,,,,,,,,,,,,,
20160401_AEA2159_LEBL_LEMD,-2.266538003,40.417959,17420,1459537488,,,,,,,,,,,,,,,,,,,,,
20160401_AEA2159_LEBL_LEMD,-2.275298615,40.41387381,17240,1459537493,,,,,,,,,,,,,,,,,,,,,
20160401_AEA2159_LEBL_LEMD,-2.283867001,40.4098658,17120,1459537498,,,,,,,,,,,,,,,,,,,,,
20160401_AEA2159_LEBL_LEMD,-2.292495406,40.40586201,17100,1459537503,,,,,,,,,,,,,,,,,,,,,
20160401_AEA2159_LEBL_LEMD,-2.301120808,40.4018066,17020,1459537508,,,,,,,,,,,,,,,,,,,,,
20160401_AEA2159_LEBL_LEMD,-2.309896216,40.39769481,17000,1459537513,,,,,,,,,,,,,,,,,,,,,
20160401_AEA2159_LEBL_LEMD,-2.318496003,40.3936686,16920,1459537518,,,,,,,,,,,,,,,,,,,,,
20160401_AEA2159_LEBL_LEMD,-2.327025203,40.3896546,16900,1459537523,,,,,,,,,,,,,,,,,,,,,
20160401_AEA2159_LEBL_LEMD,-2.335478201,40.3856472,16820,1459537528,,,,,,,,,,,,,,,,,,,,,
20160401_AEA2159_LEBL_LEMD,-2.3439116,40.3816566,16720,1459537533,,,,,,,,,,,,,,,,,,,,,
20160401_AEA2159_LEBL_LEMD,-2.352469408,40.3776032,16620,1459537538,,,,,,,,,,,,,,,,,,,,,
20160401_AEA2159_LEBL_LEMD,-2.3609336,40.3735852,16520,1459537543,,,,,,,,,,,,,,,,,,,,,
20160401_AEA2159_LEBL_LEMD,-2.369024178,40.36978098,16420,1459537548,,,,,,,,,,,,,,,,,,,,,
20160401_AEA2159_LEBL_LEMD,-2.377206788,40.36594219,16320,1459537553,,,,,,,,,,,,,,,,,,,,,
20160401_AEA2159_LEBL_LEMD,-2.385352952,40.36211561,16260,1459537558,,,,,,,,,,,,,,,,,,,,,
20160401_AEA2159_LEBL_LEMD,-2.393478729,40.35829762,16210,1459537563,,,,,,,,,,,,,,,,,,,,,
20160401_AEA2159_LEBL_LEMD,-2.401594384,40.35448118,16120,1459537568,,,,,,,,,,,,,,,,,,,,,
20160401_AEA2159_LEBL_LEMD,-2.409709987,40.35060858,16100,1459537573,,,,,,,,,,,,,,,,,,,,,
20160401_AEA2159_LEBL_LEMD,-2.417998792,40.34672719,16020,1459537578,,,,,,,,,,,,,,,,,,,,,
20160401_AEA2159_LEBL_LEMD,-2.426065179,40.34293278,16000,1459537583,,,,,,,,,,,,,,,,,,,,,
20160401_AEA2159_LEBL_LEMD,-2.433973172,40.33923657,16000,1459537588,,,,,,,,,,,,,,,,,,,,,
20160401_AEA2159_LEBL_LEMD,-2.441841373,40.33553477,16000,1459537593,,,,,,,,,,,,,,,,,,,,,
20160401_AEA2159_LEBL_LEMD,-2.449918184,40.33173558,16000,1459537598,,,,,,,,,,,,,,,,,,,,,
20160401_AEA2159_LEBL_LEMD,-2.457815372,40.32801357,16000,1459537603,,,,,,,,,,,,,,,,,,,,,
20160401_AEA2159_LEBL_LEMD,-2.465691174,40.32429257,16000,1459537608,,,,,,,,,,,,,,,,,,,,,
20160401_AEA2159_LEBL_LEMD,-2.473448166,40.32065436,16000,1459537613,,,,,,,,,,,,,,,,,,,,,
20160401_AEA2159_LEBL_LEMD,-2.481299575,40.31693437,16000,1459537618,,,,,,,,,,,,,,,,,,,,,
20160401_AEA2159_LEBL_LEMD,-2.488984962,40.31331636,15920,1459537623,,,,,,,,,,,,,,,,,,,,,
20160401_AEA2159_LEBL_LEMD,-2.496441753,40.30980395,15900,1459537628,,,,,,,,,,,,,,,,,,,,,
20160401_AEA2159_LEBL_LEMD,-2.503872155,40.30628515,15820,1459537633,,,,,,,,,,,,,,,,,,,,,
20160401_AEA2159_LEBL_LEMD,-2.511395159,40.30273616,15800,1459537638,,,,,,,,,,,,,,,,,,,,,
20160401_AEA2159_LEBL_LEMD,-2.518813752,40.29925395,15720,1459537643,,,,,,,,,,,,,,,,,,,,,
20160401_AEA2159_LEBL_LEMD,-2.526200752,40.29577795,15620,1459537648,,,,,,,,,,,,,,,,,,,,,
20160401_AEA2159_LEBL_LEMD,-2.533671751,40.29235735,15520,1459537653,,,,,,,,,,,,,,,,,,,,,
20160401_AEA2159_LEBL_LEMD,-2.541918055,40.2907938,15420,1459537658,,,,,,,,,,,,,,,,,,,,,
20160401_AEA2159_LEBL_LEMD,-2.55001542,40.29024358,15320,1459537663,,,,,,,,,,,,,,,,,,,,,
20160401_AEA2159_LEBL_LEMD,-2.557908376,40.29057637,15300,1459537668,,,,,,,,,,,,,,,,,,,,,
20160401_AEA2159_LEBL_LEMD,-2.565156951,40.29161374,15220,1459537673,,,,,,,,,,,,,,,,,,,,,
20160401_AEA2159_LEBL_LEMD,-2.571837501,40.29387672,15120,1459537678,,,,,,,,,,,,,,,,,,,,,
20160401_AEA2159_LEBL_LEMD,-2.577680095,40.29688969,15020,1459537683,,,,,,,,,,,,,,,,,,,,,
20160401_AEA2159_LEBL_LEMD,-2.58261509,40.30064086,14920,1459537688,,,,,,,,,,,,,,,,,,,,,
20160401_AEA2159_LEBL_LEMD,-2.586699504,40.30473004,14900,1459537693,,,,,,,,,,,,,,,,,,,,,
20160401_AEA2159_LEBL_LEMD,-2.591549298,40.30826427,14820,1459537698,,,,,,,,,,,,,,,,,,,,,
20160401_AEA2159_LEBL_LEMD,-2.596047505,40.31189785,14720,1459537703,,,,,,,,,,,,,,,,,,,,,
20160401_AEA2159_LEBL_LEMD,-2.600256307,40.31565865,14700,1459537708,,,,,,,,,,,,,,,,,,,,,
20160401_AEA2159_LEBL_LEMD,-2.604412507,40.31944445,14620,1459537713,,,,,,,,,,,,,,,,,,,,,
20160401_AEA2159_LEBL_LEMD,-2.6086277,40.32338525,14520,1459537718,,,,,,,,,,,,,,,,,,,,,
20160401_AEA2159_LEBL_LEMD,-2.612760307,40.32723865,14500,1459537723,,,,,,,,,,,,,,,,,,,,,
20160401_AEA2159_LEBL_LEMD,-2.616937104,40.33109105,14420,1459537728,,,,,,,,,,,,,,,,,,,,,
20160401_AEA2159_LEBL_LEMD,-2.621075903,40.33502785,14320,1459537733,,,,,,,,,,,,,,,,,,,,,
20160401_AEA2159_LEBL_LEMD,-2.6253049,40.33900225,14300,1459537738,,,,,,,,,,,,,,,,,,,,,
20160401_AEA2159_LEBL_LEMD,-2.629491903,40.34293485,14220,1459537743,,,,,,,,,,,,,,,,,,,,,
20160401_AEA2159_LEBL_LEMD,-2.633682704,40.34680785,14120,1459537748,,,,,,,,,,,,,,,,,,,,,
20160401_AEA2159_LEBL_LEMD,-2.637895503,40.35069285,14100,1459537753,,,,,,,,,,,,,,,,,,,,,
20160401_AEA2159_LEBL_LEMD,-2.642248496,40.35466625,14020,1459537758,,,,,,,,,,,,,,,,,,,,,
20160401_AEA2159_LEBL_LEMD,-2.646463503,40.35860505,13920,1459537763,,,,,,,,,,,,,,,,,,,,,
20160401_AEA2159_LEBL_LEMD,-2.650725101,40.36250605,13900,1459537768,,,,,,,,,,,,,,,,,,,,,
20160401_AEA2159_LEBL_LEMD,-2.654954701,40.36643785,13820,1459537773,,,,,,,,,,,,,,,,,,,,,
20160401_AEA2159_LEBL_LEMD,-2.659341893,40.37047565,13720,1459537778,,,,,,,,,,,,,,,,,,,,,
20160401_AEA2159_LEBL_LEMD,-2.663703096,40.37452325,13700,1459537783,,,,,,,,,,,,,,,,,,,,,
20160401_AEA2159_LEBL_LEMD,-2.668163888,40.37870406,13620,1459537788,,,,,,,,,,,,,,,,,,,,,
20160401_AEA2159_LEBL_LEMD,-2.672537896,40.38276705,13520,1459537793,,,,,,,,,,,,,,,,,,,,,
20160401_AEA2159_LEBL_LEMD,-2.67696769,40.38688885,13500,1459537798,,,,,,,,,,,,,,,,,,,,,
20160401_AEA2159_LEBL_LEMD,-2.681378688,40.39114205,13420,1459537803,,,,,,,,,,,,,,,,,,,,,
20160401_AEA2159_LEBL_LEMD,-2.687618899,40.39403732,13320,1459537808,,,,,,,,,,,,,,,,,,,,,
20160401_AEA2159_LEBL_LEMD,-2.694618918,40.39609994,13220,1459537813,,,,,,,,,,,,,,,,,,,,,
20160401_AEA2159_LEBL_LEMD,-2.702213953,40.39730656,13120,1459537818,,,,,,,,,,,,,,,,,,,,,
20160401_AEA2159_LEBL_LEMD,-2.710011005,40.39742237,13100,1459537823,,,,,,,,,,,,,,,,,,,,,
20160401_AEA2159_LEBL_LEMD,-2.717861229,40.39689937,13020,1459537828,,,,,,,,,,,,,,,,,,,,,
20160401_AEA2159_LEBL_LEMD,-2.725632277,40.39544377,12920,1459537833,,,,,,,,,,,,,,,,,,,,,
20160401_AEA2159_LEBL_LEMD,-2.733234112,40.39310956,12820,1459537838,,,,,,,,,,,,,,,,,,,,,
20160401_AEA2159_LEBL_LEMD,-2.740987863,40.39151637,12800,1459537843,,,,,,,,,,,,,,,,,,,,,
20160401_AEA2159_LEBL_LEMD,-2.74861451,40.38928076,12720,1459537848,,,,,,,,,,,,,,,,,,,,,
20160401_AEA2159_LEBL_LEMD,-2.756354313,40.38683097,12620,1459537853,,,,,,,,,,,,,,,,,,,,,
20160401_AEA2159_LEBL_LEMD,-2.763940508,40.38440356,12520,1459537858,,,,,,,,,,,,,,,,,,,,,
20160401_AEA2159_LEBL_LEMD,-2.77149531,40.38196556,12420,1459537863,,,,,,,,,,,,,,,,,,,,,
20160401_AEA2159_LEBL_LEMD,-2.779054309,40.37953956,12320,1459537868,,,,,,,,,,,,,,,,,,,,,
20160401_AEA2159_LEBL_LEMD,-2.78676851,40.37713597,12220,1459537873,,,,,,,,,,,,,,,,,,,,,
20160401_AEA2159_LEBL_LEMD,-2.794311106,40.37474255,12200,1459537878,,,,,,,,,,,,,,,,,,,,,
20160401_AEA2159_LEBL_LEMD,-2.801801907,40.37233535,12040,1459537883,,,,,,,,,,,,,,,,,,,,,
20160401_AEA2159_LEBL_LEMD,-2.809272904,40.36997955,11920,1459537888,,,,,,,,,,,,,,,,,,,,,
20160401_AEA2159_LEBL_LEMD,-2.816895708,40.36761276,11820,1459537893,,,,,,,,,,,,,,,,,,,,,
20160401_AEA2159_LEBL_LEMD,-2.824399303,40.36527335,11720,1459537898,,,,,,,,,,,,,,,,,,,,,
20160401_AEA2159_LEBL_LEMD,-2.831827301,40.36297035,11700,1459537903,,,,,,,,,,,,,,,,,,,,,
20160401_AEA2159_LEBL_LEMD,-2.839247104,40.36062155,11620,1459537908,,,,,,,,,,,,,,,,,,,,,
20160401_AEA2159_LEBL_LEMD,-2.846789506,40.35826036,11600,1459537913,,,,,,,,,,,,,,,,,,,,,
20160401_AEA2159_LEBL_LEMD,-2.854096897,40.35598734,11520,1459537918,,,,,,,,,,,,,,,,,,,,,
20160401_AEA2159_LEBL_LEMD,-2.86109069,40.35378273,11500,1459537923,,,,,,,,,,,,,,,,,,,,,
20160401_AEA2159_LEBL_LEMD,-2.868253899,40.35150094,11420,1459537928,,,,,,,,,,,,,,,,,,,,,
20160401_AEA2159_LEBL_LEMD,-2.875416491,40.34931854,11320,1459537933,,,,,,,,,,,,,,,,,,,,,
20160401_AEA2159_LEBL_LEMD,-2.882495692,40.34713374,11220,1459537938,,,,,,,,,,,,,,,,,,,,,
20160401_AEA2159_LEBL_LEMD,-2.889628094,40.34491914,11120,1459537943,,,,,,,,,,,,,,,,,,,,,
20160401_AEA2159_LEBL_LEMD,-2.89668849,40.34274794,10940,1459537948,,,,,,,,,,,,,,,,,,,,,
20160401_AEA2159_LEBL_LEMD,-2.904044901,40.34047535,10900,1459537953,,,,,,,,,,,,,,,,,,,,,
20160401_AEA2159_LEBL_LEMD,-2.911336894,40.33826395,10820,1459537958,,,,,,,,,,,,,,,,,,,,,
20160401_AEA2159_LEBL_LEMD,-2.918524895,40.33603494,10720,1459537963,,,,,,,,,,,,,,,,,,,,,
20160401_AEA2159_LEBL_LEMD,-2.925765498,40.33376795,10620,1459537968,,,,,,,,,,,,,,,,,,,,,
20160401_AEA2159_LEBL_LEMD,-2.933233903,40.33147316,10520,1459537973,,,,,,,,,,,,,,,,,,,,,
20160401_AEA2159_LEBL_LEMD,-2.940561298,40.32919395,10500,1459537978,,,,,,,,,,,,,,,,,,,,,
20160401_AEA2159_LEBL_LEMD,-2.947803495,40.32695994,10420,1459537983,,,,,,,,,,,,,,,,,,,,,
20160401_AEA2159_LEBL_LEMD,-2.954984494,40.32474794,10320,1459537988,,,,,,,,,,,,,,,,,,,,,
20160401_AEA2159_LEBL_LEMD,-2.962290096,40.32254295,10220,1459537993,,,,,,,,,,,,,,,,,,,,,
20160401_AEA2159_LEBL_LEMD,-2.969509295,40.32031974,10120,1459537998,,,,,,,,,,,,,,,,,,,,,
20160401_AEA2159_LEBL_LEMD,-2.976699098,40.31803974,10020,1459538003,,,,,,,,,,,,,,,,,,,,,
20160401_AEA2159_LEBL_LEMD,-2.983905095,40.31579874,9920,1459538008,,,,,,,,,,,,,,,,,,,,,
20160401_AEA2159_LEBL_LEMD,-2.991308703,40.31348275,9820,1459538013,,,,,,,,,,,,,,,,,,,,,
20160401_AEA2159_LEBL_LEMD,-2.998513494,40.31122954,9720,1459538018,,,,,,,,,,,,,,,,,,,,,
20160401_AEA2159_LEBL_LEMD,-3.005691695,40.30898874,9620,1459538023,,,,,,,,,,,,,,,,,,,,,
20160401_AEA2159_LEBL_LEMD,-3.012842694,40.30676734,9520,1459538028,,,,,,,,,,,,,,,,,,,,,
20160401_AEA2159_LEBL_LEMD,-3.020019896,40.30451454,9420,1459538033,,,,,,,,,,,,,,,,,,,,,
20160401_AEA2159_LEBL_LEMD,-3.0273291,40.30222775,9320,1459538038,,,,,,,,,,,,,,,,,,,,,
20160401_AEA2159_LEBL_LEMD,-3.034421091,40.30002034,9300,1459538043,,,,,,,,,,,,,,,,,,,,,
20160401_AEA2159_LEBL_LEMD,-3.041468693,40.29781034,9220,1459538048,,,,,,,,,,,,,,,,,,,,,
20160401_AEA2159_LEBL_LEMD,-3.048379888,40.29564313,9120,1459538053,,,,,,,,,,,,,,,,,,,,,
20160401_AEA2159_LEBL_LEMD,-3.055307089,40.29348733,9100,1459538058,,,,,,,,,,,,,,,,,,,,,
20160401_AEA2159_LEBL_LEMD,-3.062159887,40.29134413,9020,1459538063,,,,,,,,,,,,,,,,,,,,,
20160401_AEA2159_LEBL_LEMD,-3.069078089,40.28918013,8920,1459538068,,,,,,,,,,,,,,,,,,,,,
20160401_AEA2159_LEBL_LEMD,-3.075948489,40.28699413,8820,1459538073,,,,,,,,,,,,,,,,,,,,,
20160401_AEA2159_LEBL_LEMD,-3.083083898,40.28471614,8720,1459538078,,,,,,,,,,,,,,,,,,,,,
20160401_AEA2159_LEBL_LEMD,-3.090021886,40.28255613,8700,1459538083,,,,,,,,,,,,,,,,,,,,,
20160401_AEA2159_LEBL_LEMD,-3.096895289,40.28037993,8620,1459538088,,,,,,,,,,,,,,,,,,,,,
20160401_AEA2159_LEBL_LEMD,-3.103695683,40.27828133,8520,1459538093,,,,,,,,,,,,,,,,,,,,,
20160401_AEA2159_LEBL_LEMD,-3.110600887,40.27616693,8420,1459538098,,,,,,,,,,,,,,,,,,,,,
20160401_AEA2159_LEBL_LEMD,-3.117290481,40.27409092,8400,1459538103,,,,,,,,,,,,,,,,,,,,,
20160401_AEA2159_LEBL_LEMD,-3.124057683,40.27203013,8320,1459538108,,,,,,,,,,,,,,,,,,,,,
20160401_AEA2159_LEBL_LEMD,-3.130720482,40.26995172,8220,1459538113,,,,,,,,,,,,,,,,,,,,,
20160401_AEA2159_LEBL_LEMD,-3.137523685,40.26784793,8120,1459538118,,,,,,,,,,,,,,,,,,,,,
20160401_AEA2159_LEBL_LEMD,-3.144179485,40.26569252,8020,1459538123,,,,,,,,,,,,,,,,,,,,,
20160401_AEA2159_LEBL_LEMD,-3.150188309,40.26273829,7920,1459538128,,,,,,,,,,,,,,,,,,,,,
20160401_AEA2159_LEBL_LEMD,-3.155642515,40.25919368,7900,1459538133,,,,,,,,,,,,,,,,,,,,,
20160401_AEA2159_LEBL_LEMD,-3.162133907,40.25633473,7820,1459538138,,,,,,,,,,,,,,,,,,,,,
20160401_AEA2159_LEBL_LEMD,-3.168366714,40.2532725,7720,1459538143,,,,,,,,,,,,,,,,,,,,,
20160401_AEA2159_LEBL_LEMD,-3.174602117,40.25011291,7620,1459538148,,,,,,,,,,,,,,,,,,,,,
20160401_AEA2159_LEBL_LEMD,-3.180574508,40.2470003,7520,1459538153,,,,,,,,,,,,,,,,,,,,,
20160401_AEA2159_LEBL_LEMD,-3.186663713,40.2438777,7420,1459538158,,,,,,,,,,,,,,,,,,,,,
20160401_AEA2159_LEBL_LEMD,-3.192659107,40.2408257,7320,1459538163,,,,,,,,,,,,,,,,,,,,,
20160401_AEA2159_LEBL_LEMD,-3.198653509,40.2377687,7220,1459538168,,,,,,,,,,,,,,,,,,,,,
20160401_AEA2159_LEBL_LEMD,-3.204673308,40.2347297,7120,1459538173,,,,,,,,,,,,,,,,,,,,,
20160401_AEA2159_LEBL_LEMD,-3.210856516,40.23159351,7020,1459538178,,,,,,,,,,,,,,,,,,,,,
20160401_AEA2159_LEBL_LEMD,-3.216936308,40.2285499,6920,1459538183,,,,,,,,,,,,,,,,,,,,,
20160401_AEA2159_LEBL_LEMD,-3.223013907,40.2255607,6900,1459538188,,,,,,,,,,,,,,,,,,,,,
20160401_AEA2159_LEBL_LEMD,-3.229958255,40.22392974,6820,1459538193,,,,,,,,,,,,,,,,,,,,,
20160401_AEA2159_LEBL_LEMD,-3.23726444,40.22293275,6640,1459538198,,,,,,,,,,,,,,,,,,,,,
20160401_AEA2159_LEBL_LEMD,-3.244306604,40.22267133,6520,1459538203,,,,,,,,,,,,,,,,,,,,,
20160401_AEA2159_LEBL_LEMD,-3.251213566,40.22332093,6500,1459538208,,,,,,,,,,,,,,,,,,,,,
20160401_AEA2159_LEBL_LEMD,-3.258408003,40.22342975,6420,1459538213,,,,,,,,,,,,,,,,,,,,,
20160401_AEA2159_LEBL_LEMD,-3.265853976,40.22385195,6320,1459538218,,,,,,,,,,,,,,,,,,,,,
20160401_AEA2159_LEBL_LEMD,-3.272919968,40.22457713,6220,1459538223,,,,,,,,,,,,,,,,,,,,,
20160401_AEA2159_LEBL_LEMD,-3.279895966,40.22538473,6120,1459538228,,,,,,,,,,,,,,,,,,,,,
20160401_AEA2159_LEBL_LEMD,-3.286072698,40.2278705,6020,1459538233,,,,,,,,,,,,,,,,,,,,,
20160401_AEA2159_LEBL_LEMD,-3.292055082,40.2311335,5920,1459538238,,,,,,,,,,,,,,,,,,,,,
20160401_AEA2159_LEBL_LEMD,-3.296727091,40.23520645,5820,1459538243,,,,,,,,,,,,,,,,,,,,,
20160401_AEA2159_LEBL_LEMD,-3.300574299,40.23974344,5720,1459538248,,,,,,,,,,,,,,,,,,,,,
20160401_AEA2159_LEBL_LEMD,-3.303687718,40.24439462,5620,1459538253,,,,,,,,,,,,,,,,,,,,,
20160401_AEA2159_LEBL_LEMD,-3.308430284,40.24836627,5600,1459538258,,,,,,,,,,,,,,,,,,,,,
20160401_AEA2159_LEBL_LEMD,-3.3126127,40.25256284,5520,1459538263,,,,,,,,,,,,,,,,,,,,,
20160401_AEA2159_LEBL_LEMD,-3.316667698,40.25680925,5420,1459538268,,,,,,,,,,,,,,,,,,,,,
20160401_AEA2159_LEBL_LEMD,-3.320896096,40.26094885,5320,1459538273,,,,,,,,,,,,,,,,,,,,,
20160401_AEA2159_LEBL_LEMD,-3.325242488,40.26525445,5220,1459538278,,,,,,,,,,,,,,,,,,,,,
20160401_AEA2159_LEBL_LEMD,-3.329510296,40.26944505,5120,1459538283,,,,,,,,,,,,,,,,,,,,,
20160401_AEA2159_LEBL_LEMD,-3.333786093,40.27365025,5100,1459538288,,,,,,,,,,,,,,,,,,,,,
20160401_AEA2159_LEBL_LEMD,-3.338018895,40.27785405,5020,1459538293,,,,,,,,,,,,,,,,,,,,,
20160401_AEA2159_LEBL_LEMD,-3.342394087,40.28214845,5000,1459538298,,,,,,,,,,,,,,,,,,,,,
20160401_AEA2159_LEBL_LEMD,-3.346600896,40.28638485,5000,1459538303,,,,,,,,,,,,,,,,,,,,,
20160401_AEA2159_LEBL_LEMD,-3.350863095,40.29054805,5000,1459538308,,,,,,,,,,,,,,,,,,,,,
20160401_AEA2159_LEBL_LEMD,-3.355030498,40.29469565,5000,1459538313,,,,,,,,,,,,,,,,,,,,,
20160401_AEA2159_LEBL_LEMD,-3.35933949,40.29892745,5000,1459538318,,,,,,,,,,,,,,,,,,,,,
20160401_AEA2159_LEBL_LEMD,-3.363589896,40.30311085,5000,1459538323,,,,,,,,,,,,,,,,,,,,,
20160401_AEA2159_LEBL_LEMD,-3.367797296,40.30727605,5000,1459538328,,,,,,,,,,,,,,,,,,,,,
20160401_AEA2159_LEBL_LEMD,-3.372036296,40.31142665,5000,1459538333,,,,,,,,,,,,,,,,,,,,,
20160401_AEA2159_LEBL_LEMD,-3.376350689,40.31571045,5000,1459538338,,,,,,,,,,,,,,,,,,,,,
20160401_AEA2159_LEBL_LEMD,-3.380632895,40.31989405,5000,1459538343,,,,,,,,,,,,,,,,,,,,,
20160401_AEA2159_LEBL_LEMD,-3.384851697,40.32404165,5000,1459538348,,,,,,,,,,,,,,,,,,,,,
20160401_AEA2159_LEBL_LEMD,-3.38917769,40.32828625,5000,1459538353,,,,,,,,,,,,,,,,,,,,,
20160401_AEA2159_LEBL_LEMD,-3.393415298,40.33241765,5000,1459538358,,,,,,,,,,,,,,,,,,,,,
20160401_AEA2159_LEBL_LEMD,-3.397234519,40.33616024,5000,1459538363,,,,,,,,,,,,,,,,,,,,,
20160401_AEA2159_LEBL_LEMD,-3.400888523,40.33975984,5000,1459538368,,,,,,,,,,,,,,,,,,,,,
20160401_AEA2159_LEBL_LEMD,-3.404560722,40.34333384,5000,1459538373,,,,,,,,,,,,,,,,,,,,,
20160401_AEA2159_LEBL_LEMD,-3.408104928,40.34683363,5000,1459538378,,,,,,,,,,,,,,,,,,,,,
20160401_AEA2159_LEBL_LEMD,-3.41160133,40.35022203,5000,1459538383,,,,,,,,,,,,,,,,,,,,,
20160401_AEA2159_LEBL_LEMD,-3.415007934,40.35353503,4920,1459538388,,,,,,,,,,,,,,,,,,,,,
20160401_AEA2159_LEBL_LEMD,-3.418512128,40.35695343,4900,1459538393,,,,,,,,,,,,,,,,,,,,,
20160401_AEA2159_LEBL_LEMD,-3.421858135,40.36029503,4820,1459538398,,,,,,,,,,,,,,,,,,,,,
20160401_AEA2159_LEBL_LEMD,-3.425106738,40.36355243,4720,1459538403,,,,,,,,,,,,,,,,,,,,,
20160401_AEA2159_LEBL_LEMD,-3.429073,40.36758,4600,1459538408,,,,,,,,,,,,,,,,,,,,,
20160401_AEA2159_LEBL_LEMD,-3.431982926,40.3704542,4433.333333,1459538413,,,,,,,,,,,,,,,,,,,,,
20160401_AEA2159_LEBL_LEMD,-3.435326531,40.37370823,4400,1459538418,,,,,,,,,,,,,,,,,,,,,
20160401_AEA2159_LEBL_LEMD,-3.438742532,40.37708203,4320,1459538423,,,,,,,,,,,,,,,,,,,,,
20160401_AEA2159_LEBL_LEMD,-3.442766,40.381138,4200,1459538428,,,,,,,,,,,,,,,,,,,,,
20160401_AEA2159_LEBL_LEMD,-3.445533431,40.3839547,4116.666667,1459538433,,,,,,,,,,,,,,,,,,,,,
20160401_AEA2159_LEBL_LEMD,-3.448642138,40.38712363,4020,1459538438,,,,,,,,,,,,,,,,,,,,,
20160401_AEA2159_LEBL_LEMD,-3.451890538,40.39033263,4000,1459538443,,,,,,,,,,,,,,,,,,,,,
20160401_AEA2159_LEBL_LEMD,-3.454964546,40.39338883,3920,1459538448,,,,,,,,,,,,,,,,,,,,,
20160401_AEA2159_LEBL_LEMD,-3.458110741,40.39650823,3820,1459538453,,,,,,,,,,,,,,,,,,,,,
20160401_AEA2159_LEBL_LEMD,-3.461185945,40.39956903,3720,1459538458,,,,,,,,,,,,,,,,,,,,,
20160401_AEA2159_LEBL_LEMD,-3.464320742,40.40266423,3620,1459538463,,,,,,,,,,,,,,,,,,,,,
20160401_AEA2159_LEBL_LEMD,-3.467221552,40.40556602,3600,1459538468,,,,,,,,,,,,,,,,,,,,,
20160401_AEA2159_LEBL_LEMD,-3.470211345,40.40856803,3520,1459538473,,,,,,,,,,,,,,,,,,,,,
20160401_AEA2159_LEBL_LEMD,-3.473072154,40.41136402,3420,1459538478,,,,,,,,,,,,,,,,,,,,,
20160401_AEA2159_LEBL_LEMD,-3.475823156,40.41407182,3400,1459538483,,,,,,,,,,,,,,,,,,,,,
20160401_AEA2159_LEBL_LEMD,-3.478489159,40.41669042,3320,1459538488,,,,,,,,,,,,,,,,,,,,,
20160401_AEA2159_LEBL_LEMD,-3.481239755,40.41941322,3220,1459538493,,,,,,,,,,,,,,,,,,,,,
20160401_AEA2159_LEBL_LEMD,-3.483948558,40.42206962,3200,1459538498,,,,,,,,,,,,,,,,,,,,,
20160401_AEA2159_LEBL_LEMD,-3.486658958,40.42470162,3120,1459538503,,,,,,,,,,,,,,,,,,,,,
20160401_AEA2159_LEBL_LEMD,-3.489596,40.427639,3000,1459538508,,,,,,,,,,,,,,,,,,,,,
20160401_AEA2159_LEBL_LEMD,-3.491767625,40.42980402,3000,1459538513,,,,,,,,,,,,,,,,,,,,,
20160401_AEA2159_LEBL_LEMD,-3.494238763,40.43219302,2920,1459538518,,,,,,,,,,,,,,,,,,,,,
20160401_AEA2159_LEBL_LEMD,-3.496717565,40.43457082,2900,1459538523,,,,,,,,,,,,,,,,,,,,,
20160401_AEA2159_LEBL_LEMD,-3.499299562,40.43697502,2820,1459538528,,,,,,,,,,,,,,,,,,,,,
20160401_AEA2159_LEBL_LEMD,-3.501188379,40.43908441,2800,1459538533,,,,,,,,,,,,,,,,,,,,,
20160401_AEA2159_LEBL_LEMD,-3.503464366,40.44137742,2720,1459538538,,,,,,,,,,,,,,,,,,,,,
20160401_AEA2159_LEBL_LEMD,-3.50572797,40.44367061,2700,1459538543,,,,,,,,,,,,,,,,,,,,,
20160401_AEA2159_LEBL_LEMD,-3.508088966,40.44605162,2620,1459538548,,,,,,,,,,,,,,,,,,,,,
20160401_AEA2159_LEBL_LEMD,-3.510553564,40.44847702,2520,1459538553,,,,,,,,,,,,,,,,,,,,,
20160401_AEA2159_LEBL_LEMD,-3.512950767,40.45082462,2420,1459538558,,,,,,,,,,,,,,,,,,,,,
20160401_AEA2159_LEBL_LEMD,-3.515276369,40.45309641,2400,1459538563,,,,,,,,,,,,,,,,,,,,,
20160401_AEA2159_LEBL_LEMD,-3.51755497,40.45534001,2320,1459538568,,,,,,,,,,,,,,,,,,,,,
20160401_AEA2159_LEBL_LEMD,-3.519945767,40.45763682,2300,1459538573,,,,,,,,,,,,,,,,,,,,,
20160401_AEA2159_LEBL_LEMD,-3.522195571,40.45983901,2220,1459538578,,,,,,,,,,,,,,,,,,,,,
20160401_AEA2159_LEBL_LEMD,-3.524352174,40.46193081,2200,1459538583,,,,,,,,,,,,,,,,,,,,,
20160401_AEA2159_LEBL_LEMD,-3.527008,40.464584,2100,1459538588,,,,,,,,,,,,,,,,,,,,,
20160401_AEA2159_LEBL_LEMD,-3.5289163,40.46652068,2100,1459538593,,,,,,,,,,,,,,,,,,,,,
20160401_AEA2159_LEBL_LEMD,-3.531199567,40.46876882,2020,1459538598,,,,,,,,,,,,,,,,,,,,,
20160401_AEA2159_LEBL_LEMD,-3.533491769,40.47104121,2000,1459538603,,,,,,,,,,,,,,,,,,,,,
20160401_AEA2159_LEBL_LEMD,-3.535882766,40.47335462,1920,1459538608,,,,,,,,,,,,,,,,,,,,,
20160401_AEA2159_LEBL_LEMD,-3.538371764,40.47576082,1820,1459538613,,,,,,,,,,,,,,,,,,,,,
20160401_AEA2159_LEBL_LEMD,-3.540792967,40.47811962,1800,1459538618,,,,,,,,,,,,,,,,,,,,,
0,2.066052965,41.27714861,1220,1459535613,,,,,,,,,,,,,,,,,,,,,
0,2.06547328,41.27477848,1380.365506,1459535618,,,,,,,,,,,,,,,,,,,,,
0,2.064970177,41.2722512,1528.279361,1459535623,,,,,,,,,,,,,,,,,,,,,
0,2.064722276,41.26961829,1662.753623,1459535628,,,,,,,,,,,,,,,,,,,,,
0,2.064784061,41.26689527,1784.288251,1459535633,,,,,,,,,,,,,,,,,,,,,
0,2.065041234,41.26407763,1895.418418,1459535638,,,,,,,,,,,,,,,,,,,,,
0,2.065307812,41.26114755,1999.358069,1459535643,,,,,,,,,,,,,,,,,,,,,
0,2.065425162,41.25807783,2098.687638,1459535648,,,,,,,,,,,,,,,,,,,,,
0,2.065287956,41.25484054,2195.14541,1459535653,,,,,,,,,,,,,,,,,,,,,
0,2.064830363,41.25142133,2290.044048,1459535658,,,,,,,,,,,,,,,,,,,,,
0,2.064008737,41.24783303,2384.739715,1459535663,,,,,,,,,,,,,,,,,,,,,
0,2.06279266,41.24411708,2480.860115,1459535668,,,,,,,,,,,,,,,,,,,,,
0,2.061164354,41.24032843,2580.23076,1459535673,,,,,,,,,,,,,,,,,,,,,
0,2.05912286,41.23651592,2684.667273,1459535678,,,,,,,,,,,,,,,,,,,,,
0,2.056688278,41.23271153,2795.832701,1459535683,,,,,,,,,,,,,,,,,,,,,
0,2.053901838,41.22892883,2915.174949,1459535688,,,,,,,,,,,,,,,,,,,,,
0,2.05081923,41.22516458,3043.820068,1459535693,,,,,,,,,,,,,,,,,,,,,
0,2.047497497,41.22140091,3182.351045,1459535698,,,,,,,,,,,,,,,,,,,,,
0,2.043979469,41.21761105,3330.606812,1459535703,,,,,,,,,,,,,,,,,,,,,
0,2.040281591,41.21377281,3487.747427,1459535708,,,,,,,,,,,,,,,,,,,,,
0,2.036388811,41.20988624,3652.619658,1459535713,,,,,,,,,,,,,,,,,,,,,
0,2.032257687,41.20598307,3824.180783,1459535718,,,,,,,,,,,,,,,,,,,,,
0,2.027827504,41.20211847,4001.76761,1459535723,,,,,,,,,,,,,,,,,,,,,
0,2.02303494,41.19835262,4185.184716,1459535728,,,,,,,,,,,,,,,,,,,,,
0,2.017825365,41.19473969,4374.689555,1459535733,,,,,,,,,,,,,,,,,,,,,
0,2.012157346,41.19133503,4570.986024,1459535738,,,,,,,,,,,,,,,,,,,,,
0,2.00600164,41.18821858,4775.281854,1459535743,,,,,,,,,,,,,,,,,,,,,
0,1.999348084,41.18549707,4989.070138,1459535748,,,,,,,,,,,,,,,,,,,,,
0,1.992239802,41.18322743,5213.051577,1459535753,,,,,,,,,,,,,,,,,,,,,
0,1.984787116,41.18136687,5446.435906,1459535758,,,,,,,,,,,,,,,,,,,,,
0,1.977123421,41.17984266,5687.773159,1459535763,,,,,,,,,,,,,,,,,,,,,
0,1.969367921,41.17859521,5935.723782,1459535768,,,,,,,,,,,,,,,,,,,,,
0,1.961613357,41.17756523,6189.184132,1459535773,,,,,,,,,,,,,,,,,,,,,
0,1.953920593,41.17668162,6447.104319,1459535778,,,,,,,,,,,,,,,,,,,,,
0,1.946311416,41.17586671,6708.154544,1459535783,,,,,,,,,,,,,,,,,,,,,
0,1.93876145,41.17504767,6970.371294,1459535788,,,,,,,,,,,,,,,,,,,,,
0,1.931214626,41.17416556,7231.354961,1459535793,,,,,,,,,,,,,,,,,,,,,
0,1.923637276,41.17318604,7489.533238,1459535798,,,,,,,,,,,,,,,,,,,,,
0,1.916050186,41.17210226,7744.941494,1459535803,,,,,,,,,,,,,,,,,,,,,
0,1.908489238,41.1709208,7998.207449,1459535808,,,,,,,,,,,,,,,,,,,,,
0,1.900967373,41.16964901,8249.542717,1459535813,,,,,,,,,,,,,,,,,,,,,
0,1.893478755,41.16829413,8498.780386,1459535818,,,,,,,,,,,,,,,,,,,,,
0,1.886016943,41.1668666,8745.788615,1459535823,,,,,,,,,,,,,,,,,,,,,
0,1.878580261,41.16537961,8990.640029,1459535828,,,,,,,,,,,,,,,,,,,,,
0,1.871162526,41.16384497,9233.48362,1459535833,,,,,,,,,,,,,,,,,,,,,
0,1.863740062,41.16226983,9474.346564,1459535838,,,,,,,,,,,,,,,,,,,,,
0,1.856262521,41.16065616,9713.008643,1459535843,,,,,,,,,,,,,,,,,,,,,
0,1.84865271,41.15900171,9948.859848,1459535848,,,,,,,,,,,,,,,,,,,,,
0,1.840826462,41.15729843,10179.97703,1459535853,,,,,,,,,,,,,,,,,,,,,
0,1.832744576,41.15551788,10398.80244,1459535858,,,,,,,,,,,,,,,,,,,,,
0,1.824462442,41.15359755,10588.49303,1459535863,,,,,,,,,,,,,,,,,,,,,
0,1.816052869,41.15153117,10747.14808,1459535868,,,,,,,,,,,,,,,,,,,,,
0,1.807541255,41.1493769,10890.45181,1459535873,,,,,,,,,,,,,,,,,,,,,
0,1.798946509,41.14716941,11028.79248,1459535878,,,,,,,,,,,,,,,,,,,,,
0,1.790286498,41.14491891,11167.07705,1459535883,,,,,,,,,,,,,,,,,,,,,
0,1.781572002,41.14262344,11308.00527,1459535888,,,,,,,,,,,,,,,,,,,,,
0,1.772803553,41.14027522,11453.73214,1459535893,,,,,,,,,,,,,,,,,,,,,
0,1.763970693,41.13786424,11606.60781,1459535898,,,,,,,,,,,,,,,,,,,,,
0,1.755053057,41.13538203,11769.36246,1459535903,,,,,,,,,,,,,,,,,,,,,
0,1.746023999,41.13282738,11944.74487,1459535908,,,,,,,,,,,,,,,,,,,,,
0,1.736857826,41.13021371,12134.59682,1459535913,,,,,,,,,,,,,,,,,,,,,
0,1.727539386,41.12757242,12338.78605,1459535918,,,,,,,,,,,,,,,,,,,,,
0,1.718071137,41.12494359,12554.90706,1459535923,,,,,,,,,,,,,,,,,,,,,
0,1.708472974,41.12235754,12779.13341,1459535928,,,,,,,,,,,,,,,,,,,,,
0,1.698774649,41.11982448,13007.49967,1459535933,,,,,,,,,,,,,,,,,,,,,
0,1.689005653,41.11733976,13236.79346,1459535938,,,,,,,,,,,,,,,,,,,,,
0,1.679188743,41.11489387,13464.85294,1459535943,,,,,,,,,,,,,,,,,,,,,
0,1.669338853,41.11247822,13690.46139,1459535948,,,,,,,,,,,,,,,,,,,,,
0,1.659464865,41.11008636,13913.09326,1459535953,,,,,,,,,,,,,,,,,,,,,
0,1.649571736,41.10771342,14132.66633,1459535958,,,,,,,,,,,,,,,,,,,,,
0,1.63966198,41.10535541,14349.35206,1459535963,,,,,,,,,,,,,,,,,,,,,
0,1.629736501,41.10300874,14563.44538,1459535968,,,,,,,,,,,,,,,,,,,,,
0,1.619795004,41.10067003,14775.28094,1459535973,,,,,,,,,,,,,,,,,,,,,
0,1.609836212,41.09833612,14985.18202,1459535978,,,,,,,,,,,,,,,,,,,,,
0,1.599858,41.096004,15193.43174,1459535983,,,,,,,,,,,,,,,,,,,,,
0,1.589857526,41.09367092,15400.25889,1459535988,,,,,,,,,,,,,,,,,,,,,
0,1.579831375,41.09133439,15605.83325,1459535993,,,,,,,,,,,,,,,,,,,,,
0,1.569775734,41.08899219,15810.26705,1459535998,,,,,,,,,,,,,,,,,,,,,
0,1.55968658,41.08664241,16013.62027,1459536003,,,,,,,,,,,,,,,,,,,,,
0,1.549559886,41.08428341,16215.90829,1459536008,,,,,,,,,,,,,,,,,,,,,
0,1.539391819,41.0819138,16417.11075,1459536013,,,,,,,,,,,,,,,,,,,,,
0,1.529178921,41.07953239,16617.18076,1459536018,,,,,,,,,,,,,,,,,,,,,
0,1.518918256,41.07713818,16816.05371,1459536023,,,,,,,,,,,,,,,,,,,,,
0,1.508607508,41.07473031,17013.65495,1459536028,,,,,,,,,,,,,,,,,,,,,
0,1.498245023,41.07230803,17209.90614,1459536033,,,,,,,,,,,,,,,,,,,,,
0,1.4878298,41.06987074,17404.72974,1459536038,,,,,,,,,,,,,,,,,,,,,
0,1.477361427,41.06741798,17598.05208,1459536043,,,,,,,,,,,,,,,,,,,,,
0,1.466839994,41.06494944,17789.80508,1459536048,,,,,,,,,,,,,,,,,,,,,
0,1.456265977,41.06246495,17979.92722,1459536053,,,,,,,,,,,,,,,,,,,,,
0,1.445640123,41.05996451,18168.364,1459536058,,,,,,,,,,,,,,,,,,,,,
0,1.434963342,41.0574482,18355.06833,1459536063,,,,,,,,,,,,,,,,,,,,,
0,1.424236613,41.05491618,18540.00082,1459536068,,,,,,,,,,,,,,,,,,,,,
0,1.413460906,41.05236864,18723.1301,1459536073,,,,,,,,,,,,,,,,,,,,,
0,1.402637123,41.04980573,18904.43309,1459536078,,,,,,,,,,,,,,,,,,,,,
0,1.391766056,41.04722759,19083.89501,1459536083,,,,,,,,,,,,,,,,,,,,,
0,1.380848369,41.04463425,19261.50926,1459536088,,,,,,,,,,,,,,,,,,,,,
0,1.369884585,41.04202571,19437.27693,1459536093,,,,,,,,,,,,,,,,,,,,,
0,1.358875097,41.03940188,19611.20609,1459536098,,,,,,,,,,,,,,,,,,,,,
0,1.347820187,41.03676264,19783.31088,1459536103,,,,,,,,,,,,,,,,,,,,,
0,1.336720063,41.03410784,19953.6104,1459536108,,,,,,,,,,,,,,,,,,,,,
0,1.32557489,41.03143734,20122.12754,1459536113,,,,,,,,,,,,,,,,,,,,,
0,1.314384838,41.02875101,20288.88765,1459536118,,,,,,,,,,,,,,,,,,,,,
0,1.303150127,41.0260488,20453.91725,1459536123,,,,,,,,,,,,,,,,,,,,,
0,1.291871064,41.02333069,20617.24263,1459536128,,,,,,,,,,,,,,,,,,,,,
0,1.280548082,41.02059676,20778.88822,1459536133,,,,,,,,,,,,,,,,,,,,,
0,1.269181762,41.01784715,20938.8747,1459536138,,,,,,,,,,,,,,,,,,,,,
0,1.257772852,41.01508205,21097.21653,1459536143,,,,,,,,,,,,,,,,,,,,,
0,1.246322268,41.01230164,21253.91854,1459536148,,,,,,,,,,,,,,,,,,,,,
0,1.234831086,41.00950603,21408.97105,1459536153,,,,,,,,,,,,,,,,,,,,,
0,1.223300525,41.00669517,21562.34304,1459536158,,,,,,,,,,,,,,,,,,,,,
0,1.211731915,41.00386865,21713.97253,1459536163,,,,,,,,,,,,,,,,,,,,,
0,1.200126663,41.00102551,21863.75429,1459536168,,,,,,,,,,,,,,,,,,,,,
0,1.188486215,40.99816405,22011.52613,1459536173,,,,,,,,,,,,,,,,,,,,,
0,1.176812029,40.99528164,22157.05874,1459536178,,,,,,,,,,,,,,,,,,,,,
0,1.165105559,40.99237471,22300.0594,1459536183,,,,,,,,,,,,,,,,,,,,,
0,1.153368295,40.98943929,22440.20464,1459536188,,,,,,,,,,,,,,,,,,,,,
0,1.141601833,40.98647203,22577.21102,1459536193,,,,,,,,,,,,,,,,,,,,,
0,1.129807974,40.98347165,22710.92778,1459536198,,,,,,,,,,,,,,,,,,,,,
0,1.117988761,40.98043995,22841.40292,1459536203,,,,,,,,,,,,,,,,,,,,,
0,1.106146411,40.97738182,22968.87647,1459536208,,,,,,,,,,,,,,,,,,,,,
0,1.09428315,40.97430416,23093.70519,1459536213,,,,,,,,,,,,,,,,,,,,,
0,1.082401058,40.97121454,23216.26931,1459536218,,,,,,,,,,,,,,,,,,,,,
0,1.070501958,40.96812024,23336.90726,1459536223,,,,,,,,,,,,,,,,,,,,,
0,1.058587383,40.96502786,23455.8897,1459536228,,,,,,,,,,,,,,,,,,,,,
0,1.046658583,40.96194332,23573.42081,1459536233,,,,,,,,,,,,,,,,,,,,,
0,1.034716555,40.95887205,23689.65129,1459536238,,,,,,,,,,,,,,,,,,,,,
0,1.022762066,40.95581921,23804.69297,1459536243,,,,,,,,,,,,,,,,,,,,,
0,1.010795676,40.95278977,23918.63093,1459536248,,,,,,,,,,,,,,,,,,,,,
0,0.998817757,40.94978865,24031.53203,1459536253,,,,,,,,,,,,,,,,,,,,,
0,0.986828495,40.94682068,24143.45043,1459536258,,,,,,,,,,,,,,,,,,,,,
0,0.974827904,40.94389064,24254.43066,1459536263,,,,,,,,,,,,,,,,,,,,,
0,0.962815824,40.94100315,24364.50924,1459536268,,,,,,,,,,,,,,,,,,,,,
0,0.950791924,40.93816264,24473.71535,1459536273,,,,,,,,,,,,,,,,,,,,,
0,0.938755698,40.93537331,24582.0711,1459536278,,,,,,,,,,,,,,,,,,,,,
0,0.926706463,40.93263918,24689.59185,1459536283,,,,,,,,,,,,,,,,,,,,,
0,0.914643352,40.9299641,24796.28686,1459536288,,,,,,,,,,,,,,,,,,,,,
0,0.902565308,40.92735194,24902.16042,1459536293,,,,,,,,,,,,,,,,,,,,,
0,0.890471075,40.92480676,25007.21362,1459536298,,,,,,,,,,,,,,,,,,,,,
0,0.878359186,40.92233312,25111.44657,1459536303,,,,,,,,,,,,,,,,,,,,,
0,0.86622795,40.9199364,25214.86114,1459536308,,,,,,,,,,,,,,,,,,,,,
0,0.854075431,40.91762315,25317.46365,1459536313,,,,,,,,,,,,,,,,,,,,,
0,0.841899419,40.91540144,25419.26737,1459536318,,,,,,,,,,,,,,,,,,,,,
0,0.82969738,40.91328122,25520.29389,1459536323,,,,,,,,,,,,,,,,,,,,,
0,0.817466409,40.9112744,25620.57278,1459536328,,,,,,,,,,,,,,,,,,,,,
0,0.80520318,40.9093948,25720.13827,1459536333,,,,,,,,,,,,,,,,,,,,,
0,0.792903983,40.90765746,25819.02199,1459536338,,,,,,,,,,,,,,,,,,,,,
0,0.780564921,40.90607726,25917.24126,1459536343,,,,,,,,,,,,,,,,,,,,,
0,0.768182411,40.90466648,26014.78294,1459536348,,,,,,,,,,,,,,,,,,,,,
0,0.755753959,40.90343163,26111.58455,1459536353,,,,,,,,,,,,,,,,,,,,,
0,0.743278928,40.90237036,26207.51431,1459536358,,,,,,,,,,,,,,,,,,,,,
0,0.730758703,40.90147004,26302.35255,1459536363,,,,,,,,,,,,,,,,,,,,,
0,0.718195777,40.90070932,26395.77782,1459536368,,,,,,,,,,,,,,,,,,,,,
0,0.7055921,40.90006237,26487.36351,1459536373,,,,,,,,,,,,,,,,,,,,,
0,0.69294772,40.89950379,26576.59239,1459536378,,,,,,,,,,,,,,,,,,,,,
0,0.68026062,40.89901213,26662.89294,1459536383,,,,,,,,,,,,,,,,,,,,,
0,0.667527691,40.89857121,26745.69439,1459536388,,,,,,,,,,,,,,,,,,,,,
0,0.654746171,40.89816973,26824.49143,1459536393,,,,,,,,,,,,,,,,,,,,,
0,0.64191483,40.89780008,26898.9059,1459536398,,,,,,,,,,,,,,,,,,,,,
0,0.629034559,40.89745694,26968.73045,1459536403,,,,,,,,,,,,,,,,,,,,,
0,0.616108324,40.89713631,27033.944,1459536408,,,,,,,,,,,,,,,,,,,,,
0,0.603140676,40.89683485,27094.69942,1459536413,,,,,,,,,,,,,,,,,,,,,
0,0.590137066,40.89654965,27151.29671,1459536418,,,,,,,,,,,,,,,,,,,,,
0,0.577103192,40.8962782,27204.15853,1459536423,,,,,,,,,,,,,,,,,,,,,
0,0.564044508,40.89601843,27253.81963,1459536428,,,,,,,,,,,,,,,,,,,,,
0,0.550965921,40.89576876,27300.93275,1459536433,,,,,,,,,,,,,,,,,,,,,
0,0.537871644,40.89552816,27346.28693,1459536438,,,,,,,,,,,,,,,,,,,,,
0,0.52476517,40.89529611,27390.83143,1459536443,,,,,,,,,,,,,,,,,,,,,
0,0.511649311,40.8950726,27435.69382,1459536448,,,,,,,,,,,,,,,,,,,,,
0,0.498526303,40.89485799,27482.16522,1459536453,,,,,,,,,,,,,,,,,,,,,
0,0.48539798,40.89465278,27531.58768,1459536458,,,,,,,,,,,,,,,,,,,,,
0,0.472266077,40.89445705,27585.04549,1459536463,,,,,,,,,,,,,,,,,,,,,
0,0.4591326,40.89426967,27642.87044,1459536468,,,,,,,,,,,,,,,,,,,,,
0,0.445999976,40.89408788,27704.34111,1459536473,,,,,,,,,,,,,,,,,,,,,
0,0.432870666,40.89390798,27768.06435,1459536478,,,,,,,,,,,,,,,,,,,,,
0,0.41974654,40.89372657,27832.74344,1459536483,,,,,,,,,,,,,,,,,,,,,
0,0.406628629,40.89354129,27897.58749,1459536488,,,,,,,,,,,,,,,,,,,,,
0,0.393517272,40.8933507,27962.26504,1459536493,,,,,,,,,,,,,,,,,,,,,
0,0.380412381,40.89315396,28026.72107,1459536498,,,,,,,,,,,,,,,,,,,,,
0,0.367313648,40.89295062,28091.03538,1459536503,,,,,,,,,,,,,,,,,,,,,
0,0.354220672,40.89274043,28155.34296,1459536508,,,,,,,,,,,,,,,,,,,,,
0,0.34113303,40.8925233,28219.79417,1459536513,,,,,,,,,,,,,,,,,,,,,
0,0.328050315,40.89229923,28284.5355,1459536518,,,,,,,,,,,,,,,,,,,,,
0,0.314972153,40.89206831,28349.69904,1459536523,,,,,,,,,,,,,,,,,,,,,
0,0.301898221,40.89183067,28415.393,1459536528,,,,,,,,,,,,,,,,,,,,,
0,0.288828263,40.89158654,28481.68302,1459536533,,,,,,,,,,,,,,,,,,,,,
0,0.275762156,40.89133621,28548.54327,1459536538,,,,,,,,,,,,,,,,,,,,,
0,0.262700061,40.89108015,28615.72266,1459536543,,,,,,,,,,,,,,,,,,,,,
0,0.249642849,40.89081913,28682.39719,1459536548,,,,,,,,,,,,,,,,,,,,,
0,0.236593003,40.89055471,28746.41107,1459536553,,,,,,,,,,,,,,,,,,,,,
0,0.223555565,40.8902897,28803.40194,1459536558,,,,,,,,,,,,,,,,,,,,,
0,0.21053599,40.89002753,28848.21895,1459536563,,,,,,,,,,,,,,,,,,,,,
0,0.197533861,40.88976981,28879.69471,1459536568,,,,,,,,,,,,,,,,,,,,,
0,0.184543085,40.88951589,28900.97835,1459536573,,,,,,,,,,,,,,,,,,,,,
0,0.171557715,40.88926474,28915.53528,1459536578,,,,,,,,,,,,,,,,,,,,,
0,0.158573865,40.88901569,28925.67826,1459536583,,,,,,,,,,,,,,,,,,,,,
0,0.145589201,40.88876841,28932.8124,1459536588,,,,,,,,,,,,,,,,,,,,,
0,0.132602311,40.88852277,28937.806,1459536593,,,,,,,,,,,,,,,,,,,,,
0,0.119612317,40.88827872,28941.21896,1459536598,,,,,,,,,,,,,,,,,,,,,
0,0.106618669,40.88803629,28943.4287,1459536603,,,,,,,,,,,,,,,,,,,,,
0,0.093621026,40.88779553,28944.70016,1459536608,,,,,,,,,,,,,,,,,,,,,
0,0.080619183,40.88755652,28945.22601,1459536613,,,,,,,,,,,,,,,,,,,,,
0,0.067613033,40.88731934,28945.15084,1459536618,,,,,,,,,,,,,,,,,,,,,
0,0.054602544,40.88708409,28944.58614,1459536623,,,,,,,,,,,,,,,,,,,,,
0,0.041587743,40.88685087,28943.62005,1459536628,,,,,,,,,,,,,,,,,,,,,
0,0.028568705,40.8866198,28942.32372,1459536633,,,,,,,,,,,,,,,,,,,,,
0,0.015545556,40.886391,28940.75577,1459536638,,,,,,,,,,,,,,,,,,,,,
0,0.002518468,40.88616459,28938.96529,1459536643,,,,,,,,,,,,,,,,,,,,,
0,-0.010512336,40.88594072,28936.99401,1459536648,,,,,,,,,,,,,,,,,,,,,
0,-0.023546574,40.88571956,28934.87785,1459536653,,,,,,,,,,,,,,,,,,,,,
0,-0.036583896,40.8855013,28932.64808,1459536658,,,,,,,,,,,,,,,,,,,,,
0,-0.049623874,40.88528615,28930.33208,1459536663,,,,,,,,,,,,,,,,,,,,,
0,-0.062665979,40.88507437,28927.95397,1459536668,,,,,,,,,,,,,,,,,,,,,
0,-0.075709567,40.88486629,28925.53505,1459536673,,,,,,,,,,,,,,,,,,,,,
0,-0.088753844,40.88466227,28923.09406,1459536678,,,,,,,,,,,,,,,,,,,,,
0,-0.101797841,40.88446276,28920.64745,1459536683,,,,,,,,,,,,,,,,,,,,,
0,-0.114840368,40.88426833,28918.20942,1459536688,,,,,,,,,,,,,,,,,,,,,
0,-0.127879965,40.88407964,28915.79209,1459536693,,,,,,,,,,,,,,,,,,,,,
0,-0.140914851,40.88389752,28913.40542,1459536698,,,,,,,,,,,,,,,,,,,,,
0,-0.15394285,40.88372295,28911.05727,1459536703,,,,,,,,,,,,,,,,,,,,,
0,-0.166961324,40.88355715,28908.75329,1459536708,,,,,,,,,,,,,,,,,,,,,
0,-0.179967086,40.88340153,28906.49697,1459536713,,,,,,,,,,,,,,,,,,,,,
0,-0.192956326,40.88325779,28904.28955,1459536718,,,,,,,,,,,,,,,,,,,,,
0,-0.205924538,40.88312788,28902.13015,1459536723,,,,,,,,,,,,,,,,,,,,,
0,-0.218866469,40.88301402,28900.01595,1459536728,,,,,,,,,,,,,,,,,,,,,
0,-0.231776118,40.88291867,28897.94265,1459536733,,,,,,,,,,,,,,,,,,,,,
0,-0.244646797,40.88284439,28895.90521,1459536738,,,,,,,,,,,,,,,,,,,,,
0,-0.257471302,40.88279375,28893.89908,1459536743,,,,,,,,,,,,,,,,,,,,,
0,-0.270242208,40.88276904,28891.92183,1459536748,,,,,,,,,,,,,,,,,,,,,
0,-0.282952324,40.88277196,28889.97544,1459536753,,,,,,,,,,,,,,,,,,,,,
0,-0.295595298,40.88280322,28888.06888,1459536758,,,,,,,,,,,,,,,,,,,,,
0,-0.308166341,40.88286206,28886.22082,1459536763,,,,,,,,,,,,,,,,,,,,,
0,-0.320662994,40.88294583,28884.46204,1459536768,,,,,,,,,,,,,,,,,,,,,
0,-0.33308581,40.88304966,28882.8367,1459536773,,,,,,,,,,,,,,,,,,,,,
0,-0.34543883,40.88316626,28881.40201,1459536778,,,,,,,,,,,,,,,,,,,,,
0,-0.357729721,40.88328607,28880.22588,1459536783,,,,,,,,,,,,,,,,,,,,,
0,-0.369969517,40.88339769,28879.38231,1459536788,,,,,,,,,,,,,,,,,,,,,
0,-0.382171958,40.88348851,28878.94525,1459536793,,,,,,,,,,,,,,,,,,,,,
0,-0.394352509,40.88354563,28878.98161,1459536798,,,,,,,,,,,,,,,,,,,,,
0,-0.40652718,40.88355689,28879.54462,1459536803,,,,,,,,,,,,,,,,,,,,,
0,-0.418711297,40.88351181,28880.66866,1459536808,,,,,,,,,,,,,,,,,,,,,
0,-0.43091839,40.8834025,28882.36633,1459536813,,,,,,,,,,,,,,,,,,,,,
0,-0.443159327,40.88322419,28884.62838,1459536818,,,,,,,,,,,,,,,,,,,,,
0,-0.455441786,40.88297559,28887.42627,1459536823,,,,,,,,,,,,,,,,,,,,,
0,-0.467770123,40.88265874,28890.71689,1459536828,,,,,,,,,,,,,,,,,,,,,
0,-0.4801456,40.88227862,28894.44854,1459536833,,,,,,,,,,,,,,,,,,,,,
0,-0.492566899,40.88184246,28898.56692,1459536838,,,,,,,,,,,,,,,,,,,,,
0,-0.505030791,40.88135895,28903.02023,1459536843,,,,,,,,,,,,,,,,,,,,,
0,-0.51753285,40.88083736,28907.76247,1459536848,,,,,,,,,,,,,,,,,,,,,
0,-0.530068079,40.88028687,28912.755,1459536853,,,,,,,,,,,,,,,,,,,,,
0,-0.542631425,40.87971597,28917.96627,1459536858,,,,,,,,,,,,,,,,,,,,,
0,-0.555218124,40.87913201,28923.37049,1459536863,,,,,,,,,,,,,,,,,,,,,
0,-0.567823912,40.87854103,28928.94578,1459536868,,,,,,,,,,,,,,,,,,,,,
0,-0.580445125,40.87794761,28934.67226,1459536873,,,,,,,,,,,,,,,,,,,,,
0,-0.593078718,40.87735491,28940.53057,1459536878,,,,,,,,,,,,,,,,,,,,,
0,-0.605722233,40.87676471,28946.50083,1459536883,,,,,,,,,,,,,,,,,,,,,
0,-0.618373745,40.87617754,28952.56211,1459536888,,,,,,,,,,,,,,,,,,,,,
0,-0.631031797,40.87559278,28958.69221,1459536893,,,,,,,,,,,,,,,,,,,,,
0,-0.643695332,40.87500879,28964.86774,1459536898,,,,,,,,,,,,,,,,,,,,,
0,-0.656363634,40.87442298,28971.06411,1459536903,,,,,,,,,,,,,,,,,,,,,
0,-0.669036269,40.87383181,28977.2555,1459536908,,,,,,,,,,,,,,,,,,,,,
0,-0.681713026,40.87323085,28983.41451,1459536913,,,,,,,,,,,,,,,,,,,,,
0,-0.69439386,40.87261465,28989.51147,1459536918,,,,,,,,,,,,,,,,,,,,,
0,-0.707078813,40.87197668,28995.51314,1459536923,,,,,,,,,,,,,,,,,,,,,
0,-0.719767921,40.87130909,29001.38058,1459536928,,,,,,,,,,,,,,,,,,,,,
0,-0.732461089,40.87060257,29007.06625,1459536933,,,,,,,,,,,,,,,,,,,,,
0,-0.745157936,40.8698461,29012.51021,1459536938,,,,,,,,,,,,,,,,,,,,,
0,-0.757857633,40.8690268,29017.63604,1459536943,,,,,,,,,,,,,,,,,,,,,
0,-0.770558778,40.86813012,29022.34761,1459536948,,,,,,,,,,,,,,,,,,,,,
0,-0.783259377,40.86714022,29026.52862,1459536953,,,,,,,,,,,,,,,,,,,,,
0,-0.795957002,40.86604087,29030.04635,1459536958,,,,,,,,,,,,,,,,,,,,,
0,-0.80864914,40.8648166,29032.75914,1459536963,,,,,,,,,,,,,,,,,,,,,
0,-0.821333613,40.86345318,29034.52329,1459536968,,,,,,,,,,,,,,,,,,,,,
0,-0.834008829,40.86193649,29035.18961,1459536973,,,,,,,,,,,,,,,,,,,,,
0,-0.846673625,40.86024752,29034.5758,1459536978,,,,,,,,,,,,,,,,,,,,,
0,-0.85932644,40.85835044,29032.39357,1459536983,,,,,,,,,,,,,,,,,,,,,
0,-0.87196366,40.85616955,29028.10389,1459536988,,,,,,,,,,,,,,,,,,,,,
0,-0.88457789,40.85356336,29020.74486,1459536993,,,,,,,,,,,,,,,,,,,,,
0,-0.897162409,40.85038313,29009.23568,1459536998,,,,,,,,,,,,,,,,,,,,,
0,-0.909728736,40.84672916,28993.81771,1459537003,,,,,,,,,,,,,,,,,,,,,
0,-0.922300674,40.84291493,28975.84523,1459537008,,,,,,,,,,,,,,,,,,,,,
0,-0.934887157,40.8390955,28955.85976,1459537013,,,,,,,,,,,,,,,,,,,,,
0,-0.947487476,40.83529124,28934.06982,1459537018,,,,,,,,,,,,,,,,,,,,,
0,-0.96009992,40.83149153,28911.08737,1459537023,,,,,,,,,,,,,,,,,,,,,
0,-0.972723304,40.82768472,28887.8382,1459537028,,,,,,,,,,,,,,,,,,,,,
0,-0.98535645,40.82386273,28865.06078,1459537033,,,,,,,,,,,,,,,,,,,,,
0,-0.99799782,40.82002039,28842.98666,1459537038,,,,,,,,,,,,,,,,,,,,,
0,-1.010645608,40.81615451,28821.40103,1459537043,,,,,,,,,,,,,,,,,,,,,
0,-1.02329791,40.81226324,28799.85324,1459537048,,,,,,,,,,,,,,,,,,,,,
0,-1.035952793,40.80834571,28777.82167,1459537053,,,,,,,,,,,,,,,,,,,,,
0,-1.048608268,40.80440184,28754.8032,1459537058,,,,,,,,,,,,,,,,,,,,,
0,-1.061262237,40.80043215,28730.35694,1459537063,,,,,,,,,,,,,,,,,,,,,
0,-1.073912452,40.79643759,28704.12593,1459537068,,,,,,,,,,,,,,,,,,,,,
0,-1.086556501,40.79241949,28675.84673,1459537073,,,,,,,,,,,,,,,,,,,,,
0,-1.099191831,40.7883794,28645.34974,1459537078,,,,,,,,,,,,,,,,,,,,,
0,-1.111815794,40.78431907,28612.55129,1459537083,,,,,,,,,,,,,,,,,,,,,
0,-1.124425734,40.78024036,28577.43958,1459537088,,,,,,,,,,,,,,,,,,,,,
0,-1.137019099,40.77614525,28540.05743,1459537093,,,,,,,,,,,,,,,,,,,,,
0,-1.149593566,40.7720358,28500.48476,1459537098,,,,,,,,,,,,,,,,,,,,,
0,-1.162147183,40.76791423,28458.82299,1459537103,,,,,,,,,,,,,,,,,,,,,
0,-1.174678499,40.76378302,28415.18187,1459537108,,,,,,,,,,,,,,,,,,,,,
0,-1.187186688,40.75964511,28369.66877,1459537113,,,,,,,,,,,,,,,,,,,,,
0,-1.199671656,40.75550421,28322.37949,1459537118,,,,,,,,,,,,,,,,,,,,,
0,-1.212134118,40.75136516,28273.39034,1459537123,,,,,,,,,,,,,,,,,,,,,
0,-1.224575653,40.74723428,28222.75208,1459537128,,,,,,,,,,,,,,,,,,,,,
0,-1.236998687,40.7431195,28170.48798,1459537133,,,,,,,,,,,,,,,,,,,,,
0,-1.249406378,40.73903023,28116.59919,1459537138,,,,,,,,,,,,,,,,,,,,,
0,-1.261802359,40.73497664,28061.08016,1459537143,,,,,,,,,,,,,,,,,,,,,
0,-1.274190333,40.73096843,28003.94344,1459537148,,,,,,,,,,,,,,,,,,,,,
0,-1.286573593,40.72701347,27945.24726,1459537153,,,,,,,,,,,,,,,,,,,,,
0,-1.29895461,40.72311674,27885.115,1459537158,,,,,,,,,,,,,,,,,,,,,
0,-1.311334786,40.71928003,27823.73775,1459537163,,,,,,,,,,,,,,,,,,,,,
0,-1.323714422,40.71550246,27761.35882,1459537168,,,,,,,,,,,,,,,,,,,,,
0,-1.336092814,40.7117814,27698.24664,1459537173,,,,,,,,,,,,,,,,,,,,,
0,-1.348468407,40.70811352,27634.66499,1459537178,,,,,,,,,,,,,,,,,,,,,
0,-1.36083895,40.70449551,27570.84722,1459537183,,,,,,,,,,,,,,,,,,,,,
0,-1.373201633,40.70092448,27506.97768,1459537188,,,,,,,,,,,,,,,,,,,,,
0,-1.385553242,40.69739808,27443.18063,1459537193,,,,,,,,,,,,,,,,,,,,,
0,-1.397890313,40.69391442,27379.51598,1459537198,,,,,,,,,,,,,,,,,,,,,
0,-1.410209315,40.69047189,27315.98022,1459537203,,,,,,,,,,,,,,,,,,,,,
0,-1.422506814,40.68706907,27252.51109,1459537208,,,,,,,,,,,,,,,,,,,,,
0,-1.434779632,40.68370455,27188.99456,1459537213,,,,,,,,,,,,,,,,,,,,,
0,-1.447024972,40.68037701,27125.27277,1459537218,,,,,,,,,,,,,,,,,,,,,
0,-1.459240514,40.67708519,27061.15202,1459537223,,,,,,,,,,,,,,,,,,,,,
0,-1.471424485,40.673828,26996.41022,1459537228,,,,,,,,,,,,,,,,,,,,,
0,-1.483575706,40.67060462,26930.80336,1459537233,,,,,,,,,,,,,,,,,,,,,
0,-1.495693622,40.66741455,26864.07108,1459537238,,,,,,,,,,,,,,,,,,,,,
0,-1.507778306,40.66425771,26795.94168,1459537243,,,,,,,,,,,,,,,,,,,,,
0,-1.519830434,40.66113435,26726.13693,1459537248,,,,,,,,,,,,,,,,,,,,,
0,-1.531851208,40.65804506,26654.3774,1459537253,,,,,,,,,,,,,,,,,,,,,
0,-1.543842231,40.65499058,26580.3887,1459537258,,,,,,,,,,,,,,,,,,,,,
0,-1.555805311,40.65197163,26503.90897,1459537263,,,,,,,,,,,,,,,,,,,,,
0,-1.567742219,40.6489887,26424.69748,1459537268,,,,,,,,,,,,,,,,,,,,,
0,-1.579654419,40.64604181,26342.54365,1459537273,,,,,,,,,,,,,,,,,,,,,
0,-1.59154281,40.64313034,26257.27548,1459537278,,,,,,,,,,,,,,,,,,,,,
0,-1.60340754,40.64025285,26168.76608,1459537283,,,,,,,,,,,,,,,,,,,,,
0,-1.615247913,40.63740706,26076.93732,1459537288,,,,,,,,,,,,,,,,,,,,,
0,-1.627062423,40.63458989,25981.76008,1459537293,,,,,,,,,,,,,,,,,,,,,
0,-1.638848899,40.63179753,25883.2512,1459537298,,,,,,,,,,,,,,,,,,,,,
0,-1.650604727,40.62902567,25781.46787,1459537303,,,,,,,,,,,,,,,,,,,,,
0,-1.662327114,40.62626965,25676.50053,1459537308,,,,,,,,,,,,,,,,,,,,,
0,-1.674013347,40.62352469,25568.46512,1459537313,,,,,,,,,,,,,,,,,,,,,
0,-1.68566101,40.620786,25457.49568,1459537318,,,,,,,,,,,,,,,,,,,,,
0,-1.697268151,40.61804892,25343.7376,1459537323,,,,,,,,,,,,,,,,,,,,,
0,-1.708833377,40.61530898,25227.34196,1459537328,,,,,,,,,,,,,,,,,,,,,
0,-1.720355893,40.61256185,25108.46079,1459537333,,,,,,,,,,,,,,,,,,,,,
0,-1.731835496,40.60980336,24987.24339,1459537338,,,,,,,,,,,,,,,,,,,,,
0,-1.743272519,40.60702936,24863.83358,1459537343,,,,,,,,,,,,,,,,,,,,,
0,-1.75466777,40.60423572,24738.36782,1459537348,,,,,,,,,,,,,,,,,,,,,
0,-1.766022451,40.60141824,24610.97424,1459537353,,,,,,,,,,,,,,,,,,,,,
0,-1.777338085,40.59857267,24481.77273,1459537358,,,,,,,,,,,,,,,,,,,,,
0,-1.788616444,40.59569476,24350.87608,1459537363,,,,,,,,,,,,,,,,,,,,,
0,-1.799859503,40.59278048,24218.39227,1459537368,,,,,,,,,,,,,,,,,,,,,
0,-1.811069399,40.58982622,24084.42777,1459537373,,,,,,,,,,,,,,,,,,,,,
0,-1.822248412,40.58682915,23949.09152,1459537378,,,,,,,,,,,,,,,,,,,,,
0,-1.833398948,40.58378752,23812.49902,1459537383,,,,,,,,,,,,,,,,,,,,,
0,-1.844523528,40.58070091,23674.77553,1459537388,,,,,,,,,,,,,,,,,,,,,
0,-1.855624773,40.57757028,23536.05785,1459537393,,,,,,,,,,,,,,,,,,,,,
0,-1.866705371,40.5743979,23396.4941,1459537398,,,,,,,,,,,,,,,,,,,,,
0,-1.877768026,40.57118698,23256.24151,1459537403,,,,,,,,,,,,,,,,,,,,,
0,-1.888815386,40.56794128,23115.46284,1459537408,,,,,,,,,,,,,,,,,,,,,
0,-1.899849944,40.56466467,22974.32218,1459537413,,,,,,,,,,,,,,,,,,,,,
0,-1.910873915,40.56136066,22832.98083,1459537418,,,,,,,,,,,,,,,,,,,,,
0,-1.921889086,40.55803222,22691.59377,1459537423,,,,,,,,,,,,,,,,,,,,,
0,-1.932896644,40.55468163,22550.3071,1459537428,,,,,,,,,,,,,,,,,,,,,
0,-1.943896982,40.55131044,22409.2566,1459537433,,,,,,,,,,,,,,,,,,,,,
0,-1.954889499,40.5479196,22268.56765,1459537438,,,,,,,,,,,,,,,,,,,,,
0,-1.965872392,40.54450955,22128.35688,1459537443,,,,,,,,,,,,,,,,,,,,,
0,-1.976842436,40.5410803,21988.73607,1459537448,,,,,,,,,,,,,,,,,,,,,
0,-1.987794732,40.5376314,21849.8191,1459537453,,,,,,,,,,,,,,,,,,,,,
0,-1.998722337,40.5341618,21711.73312,1459537458,,,,,,,,,,,,,,,,,,,,,
0,-2.009615635,40.53066934,21574.63598,1459537463,,,,,,,,,,,,,,,,,,,,,
0,-2.020461214,40.52715004,21438.74256,1459537468,,,,,,,,,,,,,,,,,,,,,
0,-2.031240032,40.52359676,21304.36262,1459537473,,,,,,,,,,,,,,,,,,,,,
0,-2.041925014,40.51999755,21171.94638,1459537478,,,,,,,,,,,,,,,,,,,,,
0,-2.052479644,40.51633431,21042.11109,1459537483,,,,,,,,,,,,,,,,,,,,,
0,-2.062861868,40.51258404,20915.57815,1459537488,,,,,,,,,,,,,,,,,,,,,
0,-2.073038209,40.50872526,20792.94226,1459537493,,,,,,,,,,,,,,,,,,,,,
0,-2.083003075,40.5047472,20674.35802,1459537498,,,,,,,,,,,,,,,,,,,,,
0,-2.092784226,40.50065203,20559.45743,1459537503,,,,,,,,,,,,,,,,,,,,,
0,-2.10242682,40.49644661,20447.61674,1459537508,,,,,,,,,,,,,,,,,,,,,
0,-2.111974099,40.49213321,20338.27126,1459537513,,,,,,,,,,,,,,,,,,,,,
0,-2.121459545,40.48770635,20231.03634,1459537518,,,,,,,,,,,,,,,,,,,,,
0,-2.130908077,40.48315413,20125.67944,1459537523,,,,,,,,,,,,,,,,,,,,,
0,-2.140339483,40.47846059,20022.05692,1459537528,,,,,,,,,,,,,,,,,,,,,
0,-2.149770693,40.47360814,19920.06908,1459537533,,,,,,,,,,,,,,,,,,,,,
0,-2.159216125,40.46858091,19819.64264,1459537538,,,,,,,,,,,,,,,,,,,,,
0,-2.168686099,40.46337019,19720.73764,1459537543,,,,,,,,,,,,,,,,,,,,,
0,-2.178183579,40.45798189,19623.37556,1459537548,,,,,,,,,,,,,,,,,,,,,
0,-2.187699973,40.45244361,19527.68517,1459537553,,,,,,,,,,,,,,,,,,,,,
0,-2.197211711,40.44680721,19433.94961,1459537558,,,,,,,,,,,,,,,,,,,,,
0,-2.206681021,40.44114314,19342.60286,1459537563,,,,,,,,,,,,,,,,,,,,,
0,-2.216065722,40.43552592,19254.08371,1459537568,,,,,,,,,,,,,,,,,,,,,
0,-2.225337703,40.43001565,19168.53585,1459537573,,,,,,,,,,,,,,,,,,,,,
0,-2.234496119,40.42464586,19085.5843,1459537578,,,,,,,,,,,,,,,,,,,,,
0,-2.243561525,40.41942546,19004.42296,1459537583,,,,,,,,,,,,,,,,,,,,,
0,-2.252558749,40.41434872,18924.08461,1459537588,,,,,,,,,,,,,,,,,,,,,
0,-2.261503937,40.4094041,18843.6422,1459537593,,,,,,,,,,,,,,,,,,,,,
0,-2.270400004,40.4045792,18762.29354,1459537598,,,,,,,,,,,,,,,,,,,,,
0,-2.279237482,40.39986405,18679.40916,1459537603,,,,,,,,,,,,,,,,,,,,,
0,-2.287997986,40.39525421,18594.60286,1459537608,,,,,,,,,,,,,,,,,,,,,
0,-2.296658984,40.3907531,18507.81686,1459537613,,,,,,,,,,,,,,,,,,,,,
0,-2.305198948,40.3863717,18419.35946,1459537618,,,,,,,,,,,,,,,,,,,,,
0,-2.31360188,40.38212399,18329.83547,1459537623,,,,,,,,,,,,,,,,,,,,,
0,-2.321860555,40.37801971,18239.97816,1459537628,,,,,,,,,,,,,,,,,,,,,
0,-2.329978141,40.37405806,18150.46156,1459537633,,,,,,,,,,,,,,,,,,,,,
0,-2.337967864,40.37022568,18061.77488,1459537638,,,,,,,,,,,,,,,,,,,,,
0,-2.345850555,40.3664995,17974.18678,1459537643,,,,,,,,,,,,,,,,,,,,,
0,-2.353650624,40.36285266,17887.77716,1459537648,,,,,,,,,,,,,,,,,,,,,
0,-2.361391709,40.35926079,17802.49785,1459537653,,,,,,,,,,,,,,,,,,,,,
0,-2.369093439,40.35570651,17718.23226,1459537658,,,,,,,,,,,,,,,,,,,,,
0,-2.376770183,40.35218068,17634.83817,1459537663,,,,,,,,,,,,,,,,,,,,,
0,-2.384431925,40.34868045,17552.17026,1459537668,,,,,,,,,,,,,,,,,,,,,
0,-2.392086505,40.34520524,17470.08618,1459537673,,,,,,,,,,,,,,,,,,,,,
0,-2.39974187,40.34175283,17388.44471,1459537678,,,,,,,,,,,,,,,,,,,,,
0,-2.407407188,40.33831778,17307.10378,1459537683,,,,,,,,,,,,,,,,,,,,,
0,-2.415092588,40.33489209,17225.92162,1459537688,,,,,,,,,,,,,,,,,,,,,
0,-2.422808175,40.33146717,17144.75988,1459537693,,,,,,,,,,,,,,,,,,,,,
0,-2.430563071,40.32803548,17063.48572,1459537698,,,,,,,,,,,,,,,,,,,,,
0,-2.438364823,40.32459143,16981.9715,1459537703,,,,,,,,,,,,,,,,,,,,,
0,-2.446219205,40.32113159,16900.09133,1459537708,,,,,,,,,,,,,,,,,,,,,
0,-2.4541303,40.31765451,16817.71459,1459537713,,,,,,,,,,,,,,,,,,,,,
0,-2.46210078,40.31416082,16734.69585,1459537718,,,,,,,,,,,,,,,,,,,,,
0,-2.470132424,40.31065365,16650.8606,1459537723,,,,,,,,,,,,,,,,,,,,,
0,-2.47822698,40.30713998,16565.98719,1459537728,,,,,,,,,,,,,,,,,,,,,
0,-2.486387447,40.30363267,16479.78884,1459537733,,,,,,,,,,,,,,,,,,,,,
0,-2.494619616,40.30015312,16391.90737,1459537738,,,,,,,,,,,,,,,,,,,,,
0,-2.502933201,40.29673315,16301.93948,1459537743,,,,,,,,,,,,,,,,,,,,,
0,-2.511341307,40.29341433,16209.51721,1459537748,,,,,,,,,,,,,,,,,,,,,
0,-2.519856988,40.2902427,16114.43996,1459537753,,,,,,,,,,,,,,,,,,,,,
0,-2.528486872,40.2872594,16016.8087,1459537758,,,,,,,,,,,,,,,,,,,,,
0,-2.537223946,40.28449124,15917.0883,1459537763,,,,,,,,,,,,,,,,,,,,,
0,-2.546042907,40.28194697,15816.06043,1459537768,,,,,,,,,,,,,,,,,,,,,
0,-2.554900615,40.27962122,15714.68908,1459537773,,,,,,,,,,,,,,,,,,,,,
0,-2.563741738,40.27750253,15613.94123,1459537778,,,,,,,,,,,,,,,,,,,,,
0,-2.572507268,40.27558116,15514.60689,1459537783,,,,,,,,,,,,,,,,,,,,,
0,-2.581142182,40.27385444,15417.17377,1459537788,,,,,,,,,,,,,,,,,,,,,
0,-2.589599547,40.27233019,15321.80123,1459537793,,,,,,,,,,,,,,,,,,,,,
0,-2.59784119,40.27102862,15228.3859,1459537798,,,,,,,,,,,,,,,,,,,,,
0,-2.605837311,40.26998244,15136.66548,1459537803,,,,,,,,,,,,,,,,,,,,,
0,-2.613567282,40.2692334,15046.31014,1459537808,,,,,,,,,,,,,,,,,,,,,
0,-2.621022347,40.26882281,14956.98172,1459537813,,,,,,,,,,,,,,,,,,,,,
0,-2.62820922,40.26877434,14868.36603,1459537818,,,,,,,,,,,,,,,,,,,,,
0,-2.635152111,40.26907302,14780.19054,1459537823,,,,,,,,,,,,,,,,,,,,,
0,-2.641889938,40.26965337,14692.23286,1459537828,,,,,,,,,,,,,,,,,,,,,
0,-2.648467584,40.27040976,14604.31778,1459537833,,,,,,,,,,,,,,,,,,,,,
0,-2.654925188,40.27122387,14516.30126,1459537838,,,,,,,,,,,,,,,,,,,,,
0,-2.661291628,40.27198855,14428.04727,1459537843,,,,,,,,,,,,,,,,,,,,,
0,-2.667584041,40.27261643,14339.40613,1459537848,,,,,,,,,,,,,,,,,,,,,
0,-2.67381078,40.27303783,14250.19858,1459537853,,,,,,,,,,,,,,,,,,,,,
0,-2.679975003,40.27319646,14160.20642,1459537858,,,,,,,,,,,,,,,,,,,,,
0,-2.686077807,40.2730476,14069.16941,1459537863,,,,,,,,,,,,,,,,,,,,,
0,-2.692120958,40.27255979,13976.78992,1459537868,,,,,,,,,,,,,,,,,,,,,
0,-2.698109626,40.27171926,13882.75025,1459537873,,,,,,,,,,,,,,,,,,,,,
0,-2.704055336,40.2705358,13786.75567,1459537878,,,,,,,,,,,,,,,,,,,,,
0,-2.709979054,40.26904774,13688.62814,1459537883,,,,,,,,,,,,,,,,,,,,,
0,-2.71591381,40.26732399,13588.48126,1459537888,,,,,,,,,,,,,,,,,,,,,
0,-2.721905858,40.26546068,13486.96542,1459537893,,,,,,,,,,,,,,,,,,,,,
0,-2.728012954,40.26357054,13385.42699,1459537898,,,,,,,,,,,,,,,,,,,,,
0,-2.734298277,40.26176501,13285.66049,1459537903,,,,,,,,,,,,,,,,,,,,,
0,-2.740820159,40.2601335,13189.15196,1459537908,,,,,,,,,,,,,,,,,,,,,
0,-2.747621447,40.25872882,13096.39317,1459537913,,,,,,,,,,,,,,,,,,,,,
0,-2.754723705,40.2575647,13006.90616,1459537918,,,,,,,,,,,,,,,,,,,,,
0,-2.762127975,40.2566234,12919.76694,1459537923,,,,,,,,,,,,,,,,,,,,,
0,-2.769820057,40.25586784,12834.06445,1459537928,,,,,,,,,,,,,,,,,,,,,
0,-2.777777204,40.25525373,12749.0977,1459537933,,,,,,,,,,,,,,,,,,,,,
0,-2.785973715,40.25473884,12664.396,1459537938,,,,,,,,,,,,,,,,,,,,,
0,-2.794384181,40.25428816,12579.6711,1459537943,,,,,,,,,,,,,,,,,,,,,
0,-2.802984499,40.2538756,12494.75923,1459537948,,,,,,,,,,,,,,,,,,,,,
0,-2.811751444,40.25348346,12409.57269,1459537953,,,,,,,,,,,,,,,,,,,,,
0,-2.820661635,40.25310094,12324.06474,1459537958,,,,,,,,,,,,,,,,,,,,,
0,-2.829690456,40.25272246,12238.20568,1459537963,,,,,,,,,,,,,,,,,,,,,
0,-2.838811227,40.25234629,12151.96768,1459537968,,,,,,,,,,,,,,,,,,,,,
0,-2.847994757,40.25197344,12065.31586,1459537973,,,,,,,,,,,,,,,,,,,,,
0,-2.857209323,40.25160683,11978.20407,1459537978,,,,,,,,,,,,,,,,,,,,,
0,-2.866421102,40.25125068,11890.57444,1459537983,,,,,,,,,,,,,,,,,,,,,
0,-2.87559508,40.25091003,11802.35998,1459537988,,,,,,,,,,,,,,,,,,,,,
0,-2.8846964,40.25059019,11713.48989,1459537993,,,,,,,,,,,,,,,,,,,,,
0,-2.893692056,40.25029633,11623.89669,1459537998,,,,,,,,,,,,,,,,,,,,,
0,-2.902552735,40.25003296,11533.52436,1459538003,,,,,,,,,,,,,,,,,,,,,
0,-2.911254534,40.24980353,11442.33586,1459538008,,,,,,,,,,,,,,,,,,,,,
0,-2.919780225,40.24961013,11350.31871,1459538013,,,,,,,,,,,,,,,,,,,,,
0,-2.928119871,40.24945336,11257.48745,1459538018,,,,,,,,,,,,,,,,,,,,,
0,-2.936270682,40.24933239,11163.88258,1459538023,,,,,,,,,,,,,,,,,,,,,
0,-2.944236211,40.24924519,11069.56657,1459538028,,,,,,,,,,,,,,,,,,,,,
0,-2.952025104,40.24918885,10974.61782,1459538033,,,,,,,,,,,,,,,,,,,,,
0,-2.959649653,40.24915994,10879.12399,1459538038,,,,,,,,,,,,,,,,,,,,,
0,-2.967124391,40.24915488,10783.17579,1459538043,,,,,,,,,,,,,,,,,,,,,
0,-2.974464859,40.24917023,10686.8619,1459538048,,,,,,,,,,,,,,,,,,,,,
0,-2.981686643,40.24920281,10590.26544,1459538053,,,,,,,,,,,,,,,,,,,,,
0,-2.988804682,40.2492499,10493.46202,1459538058,,,,,,,,,,,,,,,,,,,,,
0,-2.995832815,40.2493092,10396.51907,1459538063,,,,,,,,,,,,,,,,,,,,,
0,-3.002783533,40.24937881,10299.49622,1459538068,,,,,,,,,,,,,,,,,,,,,
0,-3.009667872,40.24945715,10202.44628,1459538073,,,,,,,,,,,,,,,,,,,,,
0,-3.016495424,40.24954287,10105.41655,1459538078,,,,,,,,,,,,,,,,,,,,,
0,-3.023274402,40.24963473,10008.45008,1459538083,,,,,,,,,,,,,,,,,,,,,
0,-3.030011764,40.24973149,9911.586675,1459538088,,,,,,,,,,,,,,,,,,,,,
0,-3.03671335,40.24983183,9814.863317,1459538093,,,,,,,,,,,,,,,,,,,,,
0,-3.04338404,40.24993429,9718.313975,1459538098,,,,,,,,,,,,,,,,,,,,,
0,-3.050027919,40.2500372,9621.968531,1459538103,,,,,,,,,,,,,,,,,,,,,
0,-3.056648451,40.25013868,9525.850799,1459538108,,,,,,,,,,,,,,,,,,,,,
0,-3.063248654,40.25023661,9429.975588,1459538113,,,,,,,,,,,,,,,,,,,,,
0,-3.069831294,40.25032865,9334.34485,1459538118,,,,,,,,,,,,,,,,,,,,,
0,-3.076399074,40.25041226,9238.943094,1459538123,,,,,,,,,,,,,,,,,,,,,
0,-3.082954836,40.25048469,9143.732455,1459538128,,,,,,,,,,,,,,,,,,,,,
0,-3.089501749,40.25054296,9048.648077,1459538133,,,,,,,,,,,,,,,,,,,,,
0,-3.096043488,40.25058392,8953.594934,1459538138,,,,,,,,,,,,,,,,,,,,,
0,-3.102584355,40.2506041,8858.447771,1459538143,,,,,,,,,,,,,,,,,,,,,
0,-3.109129332,40.25059973,8763.056649,1459538148,,,,,,,,,,,,,,,,,,,,,
0,-3.115683993,40.25056667,8667.2613,1459538153,,,,,,,,,,,,,,,,,,,,,
0,-3.122254229,40.25050036,8570.917847,1459538158,,,,,,,,,,,,,,,,,,,,,
0,-3.128845733,40.25039584,8473.940268,1459538163,,,,,,,,,,,,,,,,,,,,,
0,-3.135463238,40.250248,8376.354698,1459538168,,,,,,,,,,,,,,,,,,,,,
0,-3.142109634,40.25005188,8278.355957,1459538173,,,,,,,,,,,,,,,,,,,,,
0,-3.148785217,40.24980327,8180.344034,1459538178,,,,,,,,,,,,,,,,,,,,,
0,-3.155487479,40.2494994,8082.911898,1459538183,,,,,,,,,,,,,,,,,,,,,
0,-3.162211742,40.24913966,7986.767839,1459538188,,,,,,,,,,,,,,,,,,,,,
0,-3.168952525,40.24872601,7892.609479,1459538193,,,,,,,,,,,,,,,,,,,,,
0,-3.175705116,40.24826289,7801.001229,1459538198,,,,,,,,,,,,,,,,,,,,,
0,-3.182466665,40.24775673,7712.308042,1459538203,,,,,,,,,,,,,,,,,,,,,
0,-3.189236483,40.24721518,7626.70151,1459538208,,,,,,,,,,,,,,,,,,,,,
0,-3.196015652,40.24664648,7544.214031,1459538213,,,,,,,,,,,,,,,,,,,,,
0,-3.20280629,40.24605916,7464.80377,1459538218,,,,,,,,,,,,,,,,,,,,,
0,-3.209610765,40.2454621,7388.404836,1459538223,,,,,,,,,,,,,,,,,,,,,
0,-3.216430966,40.24486508,7314.954454,1459538228,,,,,,,,,,,,,,,,,,,,,
0,-3.223267701,40.24427945,7244.400502,1459538233,,,,,,,,,,,,,,,,,,,,,
0,-3.230120195,40.24371902,7176.697153,1459538238,,,,,,,,,,,,,,,,,,,,,
0,-3.236985707,40.24320087,7111.796408,1459538243,,,,,,,,,,,,,,,,,,,,,
0,-3.243859223,40.24274616,7049.6412,1459538248,,,,,,,,,,,,,,,,,,,,,
0,-3.250733271,40.24238058,6990.16291,1459538253,,,,,,,,,,,,,,,,,,,,,
0,-3.257597818,40.24213446,6933.283398,1459538258,,,,,,,,,,,,,,,,,,,,,
0,-3.264440302,40.24204227,6878.919627,1459538263,,,,,,,,,,,,,,,,,,,,,
0,-3.271245821,40.24214124,6826.988005,1459538268,,,,,,,,,,,,,,,,,,,,,
0,-3.277997525,40.24246894,6777.405851,1459538273,,,,,,,,,,,,,,,,,,,,,
0,-3.284677203,40.24305997,6730.088866,1459538278,,,,,,,,,,,,,,,,,,,,,
0,-3.291266007,40.24394234,6684.945542,1459538283,,,,,,,,,,,,,,,,,,,,,
0,-3.297745168,40.24513463,6641.870047,1459538288,,,,,,,,,,,,,,,,,,,,,
0,-3.304096761,40.24664461,6600.731199,1459538293,,,,,,,,,,,,,,,,,,,,,
0,-3.31030492,40.24846865,6561.34729,1459538298,,,,,,,,,,,,,,,,,,,,,
0,-3.316358125,40.25058997,6523.434683,1459538303,,,,,,,,,,,,,,,,,,,,,
0,-3.322252476,40.2529749,6486.538587,1459538308,,,,,,,,,,,,,,,,,,,,,
0,-3.327994213,40.25557062,6449.995955,1459538313,,,,,,,,,,,,,,,,,,,,,
0,-3.333598719,40.25831021,6412.997249,1459538318,,,,,,,,,,,,,,,,,,,,,
0,-3.339085279,40.26112613,6374.751262,1459538323,,,,,,,,,,,,,,,,,,,,,
0,-3.344470521,40.26396477,6334.659203,1459538328,,,,,,,,,,,,,,,,,,,,,
0,-3.349764494,40.26679354,6292.395478,1459538333,,,,,,,,,,,,,,,,,,,,,
0,-3.354970501,40.26959894,6247.881416,1459538338,,,,,,,,,,,,,,,,,,,,,
0,-3.360087226,40.27238021,6201.207481,1459538343,,,,,,,,,,,,,,,,,,,,,
0,-3.36511128,40.27514295,6152.557513,1459538348,,,,,,,,,,,,,,,,,,,,,
0,-3.370039177,40.27789466,6102.156988,1459538353,,,,,,,,,,,,,,,,,,,,,
0,-3.374868485,40.28064228,6050.245124,1459538358,,,,,,,,,,,,,,,,,,,,,
0,-3.379598312,40.28339132,5997.06335,1459538363,,,,,,,,,,,,,,,,,,,,,
0,-3.384229305,40.28614593,5942.853227,1459538368,,,,,,,,,,,,,,,,,,,,,
0,-3.388763394,40.28890965,5887.859529,1459538373,,,,,,,,,,,,,,,,,,,,,
0,-3.393203359,40.29168661,5832.336764,1459538378,,,,,,,,,,,,,,,,,,,,,
0,-3.397552299,40.29448325,5776.558915,1459538383,,,,,,,,,,,,,,,,,,,,,
0,-3.401812958,40.29731031,5720.831912,1459538388,,,,,,,,,,,,,,,,,,,,,
0,-3.405986861,40.30018475,5665.504351,1459538393,,,,,,,,,,,,,,,,,,,,,
0,-3.410073237,40.30312998,5610.96124,1459538398,,,,,,,,,,,,,,,,,,,,,
0,-3.414068092,40.30617128,5557.569229,1459538403,,,,,,,,,,,,,,,,,,,,,
0,-3.417964611,40.30932328,5505.544412,1459538408,,,,,,,,,,,,,,,,,,,,,
0,-3.421757256,40.31257403,5454.797245,1459538413,,,,,,,,,,,,,,,,,,,,,
0,-3.425450311,40.31588424,5404.94882,1459538418,,,,,,,,,,,,,,,,,,,,,
0,-3.429064367,40.31921124,5355.599103,1459538423,,,,,,,,,,,,,,,,,,,,,
0,-3.432631573,40.32253207,5306.547124,1459538428,,,,,,,,,,,,,,,,,,,,,
0,-3.436183163,40.32584338,5257.739872,1459538433,,,,,,,,,,,,,,,,,,,,,
0,-3.439739799,40.32915055,5209.110656,1459538438,,,,,,,,,,,,,,,,,,,,,
0,-3.443307912,40.33245986,5160.475269,1459538443,,,,,,,,,,,,,,,,,,,,,
0,-3.446880093,40.33577531,5111.507476,1459538448,,,,,,,,,,,,,,,,,,,,,
0,-3.450438011,40.33909781,5061.770745,1459538453,,,,,,,,,,,,,,,,,,,,,
0,-3.453957061,40.34242519,5010.785166,1459538458,,,,,,,,,,,,,,,,,,,,,
0,-3.45741167,40.34575269,4958.10689,1459538463,,,,,,,,,,,,,,,,,,,,,
0,-3.460779883,40.34907389,4903.395424,1459538468,,,,,,,,,,,,,,,,,,,,,
0,-3.464046144,40.35238164,4846.4511,1459538473,,,,,,,,,,,,,,,,,,,,,
0,-3.467202014,40.35566913,4787.21886,1459538478,,,,,,,,,,,,,,,,,,,,,
0,-3.470245321,40.35893054,4725.766648,1459538483,,,,,,,,,,,,,,,,,,,,,
0,-3.473178516,40.36216147,4662.251647,1459538488,,,,,,,,,,,,,,,,,,,,,
0,-3.476006923,40.36535908,4596.885759,1459538493,,,,,,,,,,,,,,,,,,,,,
0,-3.478737275,40.36852194,4529.907033,1459538498,,,,,,,,,,,,,,,,,,,,,
0,-3.48137666,40.37164985,4461.559383,1459538503,,,,,,,,,,,,,,,,,,,,,
0,-3.483931868,40.37474352,4392.080252,1459538508,,,,,,,,,,,,,,,,,,,,,
0,-3.486409024,40.37780435,4321.694759,1459538513,,,,,,,,,,,,,,,,,,,,,
0,-3.488813424,40.38083413,4250.614788,1459538518,,,,,,,,,,,,,,,,,,,,,
0,-3.491149487,40.3838349,4179.041768,1459538523,,,,,,,,,,,,,,,,,,,,,
0,-3.493420749,40.3868087,4107.172335,1459538528,,,,,,,,,,,,,,,,,,,,,
0,-3.495629884,40.38975751,4035.206332,1459538533,,,,,,,,,,,,,,,,,,,,,
0,-3.497778698,40.39268304,3963.356638,1459538538,,,,,,,,,,,,,,,,,,,,,
0,-3.499868126,40.39558668,3891.85985,1459538543,,,,,,,,,,,,,,,,,,,,,
0,-3.501898212,40.3984694,3820.98578,1459538548,,,,,,,,,,,,,,,,,,,,,
0,-3.503868134,40.40133173,3751.042074,1459538553,,,,,,,,,,,,,,,,,,,,,
0,-3.505776326,40.40417375,3682.368488,1459538558,,,,,,,,,,,,,,,,,,,,,
0,-3.507620758,40.40699528,3615.315327,1459538563,,,,,,,,,,,,,,,,,,,,,
0,-3.509399403,40.4097961,3550.204585,1459538568,,,,,,,,,,,,,,,,,,,,,
0,-3.511110808,40.41257628,3487.281171,1459538573,,,,,,,,,,,,,,,,,,,,,
0,-3.512754602,40.4153364,3426.670833,1459538578,,,,,,,,,,,,,,,,,,,,,
0,-3.514331739,40.41807772,3368.362384,1459538583,,,,,,,,,,,,,,,,,,,,,
0,-3.515844407,40.42080204,3312.221086,1459538588,,,,,,,,,,,,,,,,,,,,,
0,-3.517295675,40.42351149,3258.025286,1459538593,,,,,,,,,,,,,,,,,,,,,
0,-3.518689059,40.42620823,3205.510657,1459538598,,,,,,,,,,,,,,,,,,,,,
0,-3.520028129,40.42889425,3154.408895,1459538603,,,,,,,,,,,,,,,,,,,,,
0,-3.521316239,40.43157114,3104.474739,1459538608,,,,,,,,,,,,,,,,,,,,,
0,-3.522556384,40.43424008,3055.501206,1459538613,,,,,,,,,,,,,,,,,,,,,
0,-3.523751131,40.43690171,3007.325725,1459538618,,,,,,,,,,,,,,,,,,,,,
0,-3.524902629,40.4395562,2959.83035,1459538623,,,,,,,,,,,,,,,,,,,,,
0,-3.526012632,40.44220326,2912.938639,1459538628,,,,,,,,,,,,,,,,,,,,,
0,-3.527082542,40.44484214,2866.610968,1459538633,,,,,,,,,,,,,,,,,,,,,
0,-3.528113451,40.44747167,2820.83937,1459538638,,,,,,,,,,,,,,,,,,,,,
0,-3.529106162,40.45009025,2775.642523,1459538643,,,,,,,,,,,,,,,,,,,,,
0,-3.530061205,40.45269587,2731.061218,1459538648,,,,,,,,,,,,,,,,,,,,,
0,-3.530978815,40.45528605,2687.154457,1459538653,,,,,,,,,,,,,,,,,,,,,
0,-3.531858877,40.45785775,2643.996247,1459538658,,,,,,,,,,,,,,,,,,,,,
0,-3.532700822,40.46040723,2601.673082,1459538663,,,,,,,,,,,,,,,,,,,,,
